,회차,당첨번호
0,0,"['', '', '', '', '', '']"
1,1,"['10', '23', '29', '33', '37', '40']"
2,2,"['9', '13', '21', '25', '32', '42']"
3,3,"['11', '16', '19', '21', '27', '31']"
4,4,"['14', '27', '30', '31', '40', '42']"
5,5,"['16', '24', '29', '40', '41', '42']"
6,6,"['14', '15', '26', '27', '40', '42']"
7,7,"['2', '9', '16', '25', '26', '40']"
8,8,"['8', '19', '25', '34', '37', '39']"
9,9,"['2', '4', '16', '17', '36', '39']"
10,10,"['9', '25', '30', '33', '41', '44']"
11,11,"['1', '7', '36', '37', '41', '42']"
12,12,"['2', '11', '21', '25', '39', '45']"
13,13,"['22', '23', '25', '37', '38', '42']"
14,14,"['2', '6', '12', '31', '33', '40']"
15,15,"['3', '4', '16', '30', '31', '37']"
16,16,"['6', '7', '24', '37', '38', '40']"
17,17,"['3', '4', '9', '17', '32', '37']"
18,18,"['3', '12', '13', '19', '32', '35']"
19,19,"['6', '30', '38', '39', '40', '43']"
20,20,"['10', '14', '18', '20', '23', '30']"
21,21,"['6', '12', '17', '18', '31', '32']"
22,22,"['4', '5', '6', '8', '17', '39']"
23,23,"['5', '13', '17', '18', '33', '42']"
24,24,"['7', '8', '27', '29', '36', '43']"
25,25,"['2', '4', '21', '26', '43', '44']"
26,26,"['4', '5', '7', '18', '20', '25']"
27,27,"['1', '20', '26', '28', '37', '43']"
28,28,"['9', '18', '23', '25', '35', '37']"
29,29,"['1', '5', '13', '34', '39', '40']"
30,30,"['8', '17', '20', '35', '36', '44']"
31,31,"['7', '9', '18', '23', '28', '35']"
32,32,"['6', '14', '19', '25', '34', '44']"
33,33,"['4', '7', '32', '33', '40', '41']"
34,34,"['9', '26', '35', '37', '40', '42']"
35,35,"['2', '3', '11', '26', '37', '43']"
36,36,"['1', '10', '23', '26', '28', '40']"
37,37,"['7', '27', '30', '33', '35', '37']"
38,38,"['16', '17', '22', '30', '37', '43']"
39,39,"['6', '7', '13', '15', '21', '43']"
40,40,"['7', '13', '18', '19', '25', '26']"
41,41,"['13', '20', '23', '35', '38', '43']"
42,42,"['17', '18', '19', '21', '23', '32']"
43,43,"['6', '31', '35', '38', '39', '44']"
44,44,"['3', '11', '21', '30', '38', '45']"
45,45,"['1', '10', '20', '27', '33', '35']"
46,46,"['8', '13', '15', '23', '31', '38']"
47,47,"['14', '17', '26', '31', '36', '45']"
48,48,"['6', '10', '18', '26', '37', '38']"
49,49,"['4', '7', '16', '19', '33', '40']"
50,50,"['2', '10', '12', '15', '22', '44']"
51,51,"['2', '3', '11', '16', '26', '44']"
52,52,"['2', '4', '15', '16', '20', '29']"
53,53,"['7', '8', '14', '32', '33', '39']"
54,54,"['1', '8', '21', '27', '36', '39']"
55,55,"['17', '21', '31', '37', '40', '44']"
56,56,"['10', '14', '30', '31', '33', '37']"
57,57,"['7', '10', '16', '25', '29', '44']"
58,58,"['10', '24', '25', '33', '40', '44']"
59,59,"['6', '29', '36', '39', '41', '45']"
60,60,"['2', '8', '25', '36', '39', '42']"
61,61,"['14', '15', '19', '30', '38', '43']"
62,62,"['3', '8', '15', '27', '29', '35']"
63,63,"['3', '20', '23', '36', '38', '40']"
64,64,"['14', '15', '18', '21', '26', '36']"
65,65,"['4', '25', '33', '36', '40', '43']"
66,66,"['2', '3', '7', '17', '22', '24']"
67,67,"['3', '7', '10', '15', '36', '38']"
68,68,"['10', '12', '15', '16', '26', '39']"
69,69,"['5', '8', '14', '15', '19', '39']"
70,70,"['5', '19', '22', '25', '28', '43']"
71,71,"['5', '9', '12', '16', '29', '41']"
72,72,"['2', '4', '11', '17', '26', '27']"
73,73,"['3', '12', '18', '32', '40', '43']"
74,74,"['6', '15', '17', '18', '35', '40']"
75,75,"['2', '5', '24', '32', '34', '44']"
76,76,"['1', '3', '15', '22', '25', '37']"
77,77,"['2', '18', '29', '32', '43', '44']"
78,78,"['10', '13', '25', '29', '33', '35']"
79,79,"['3', '12', '24', '27', '30', '32']"
80,80,"['17', '18', '24', '25', '26', '30']"
81,81,"['5', '7', '11', '13', '20', '33']"
82,82,"['1', '2', '3', '14', '27', '42']"
83,83,"['6', '10', '15', '17', '19', '34']"
84,84,"['16', '23', '27', '34', '42', '45']"
85,85,"['6', '8', '13', '23', '31', '36']"
86,86,"['2', '12', '37', '39', '41', '45']"
87,87,"['4', '12', '16', '23', '34', '43']"
88,88,"['1', '17', '20', '24', '30', '41']"
89,89,"['4', '26', '28', '29', '33', '40']"
90,90,"['17', '20', '29', '35', '38', '44']"
91,91,"['1', '21', '24', '26', '29', '42']"
92,92,"['3', '14', '24', '33', '35', '36']"
93,93,"['6', '22', '24', '36', '38', '44']"
94,94,"['5', '32', '34', '40', '41', '45']"
95,95,"['8', '17', '27', '31', '34', '43']"
96,96,"['1', '3', '8', '21', '22', '31']"
97,97,"['6', '7', '14', '15', '20', '36']"
98,98,"['6', '9', '16', '23', '24', '32']"
99,99,"['1', '3', '10', '27', '29', '37']"
100,100,"['1', '7', '11', '23', '37', '42']"
101,101,"['1', '3', '17', '32', '35', '45']"
102,102,"['17', '22', '24', '26', '35', '40']"
103,103,"['5', '14', '15', '27', '30', '45']"
104,104,"['17', '32', '33', '34', '42', '44']"
105,105,"['8', '10', '20', '34', '41', '45']"
106,106,"['4', '10', '12', '22', '24', '33']"
107,107,"['1', '4', '5', '6', '9', '31']"
108,108,"['7', '18', '22', '23', '29', '44']"
109,109,"['1', '5', '34', '36', '42', '44']"
110,110,"['7', '20', '22', '23', '29', '43']"
111,111,"['7', '18', '31', '33', '36', '40']"
112,112,"['26', '29', '30', '33', '41', '42']"
113,113,"['4', '9', '28', '33', '36', '45']"
114,114,"['11', '14', '19', '26', '28', '41']"
115,115,"['1', '2', '6', '9', '25', '28']"
116,116,"['2', '4', '25', '31', '34', '37']"
117,117,"['5', '10', '22', '34', '36', '44']"
118,118,"['3', '4', '10', '17', '19', '22']"
119,119,"['3', '11', '13', '14', '17', '21']"
120,120,"['4', '6', '10', '11', '32', '37']"
121,121,"['12', '28', '30', '34', '38', '43']"
122,122,"['1', '11', '16', '17', '36', '40']"
123,123,"['7', '17', '18', '28', '30', '45']"
124,124,"['4', '16', '23', '25', '29', '42']"
125,125,"['2', '8', '32', '33', '35', '36']"
126,126,"['7', '20', '22', '27', '40', '43']"
127,127,"['3', '5', '10', '29', '32', '43']"
128,128,"['12', '30', '34', '36', '37', '45']"
129,129,"['19', '23', '25', '28', '38', '42']"
130,130,"['7', '19', '24', '27', '42', '45']"
131,131,"['8', '10', '11', '14', '15', '21']"
132,132,"['3', '17', '23', '34', '41', '45']"
133,133,"['4', '7', '15', '18', '23', '26']"
134,134,"['3', '12', '20', '23', '31', '35']"
135,135,"['6', '14', '22', '28', '35', '39']"
136,136,"['2', '16', '30', '36', '41', '42']"
137,137,"['7', '9', '20', '25', '36', '39']"
138,138,"['10', '11', '27', '28', '37', '39']"
139,139,"['9', '11', '15', '20', '28', '43']"
140,140,"['3', '13', '17', '18', '19', '28']"
141,141,"['8', '12', '29', '31', '42', '43']"
142,142,"['12', '16', '30', '34', '40', '44']"
143,143,"['26', '27', '28', '42', '43', '45']"
144,144,"['4', '15', '17', '26', '36', '37']"
145,145,"['2', '3', '13', '20', '27', '44']"
146,146,"['2', '19', '27', '35', '41', '42']"
147,147,"['4', '6', '13', '21', '40', '42']"
148,148,"['21', '25', '33', '34', '35', '36']"
149,149,"['2', '11', '21', '34', '41', '42']"
150,150,"['2', '18', '25', '28', '37', '39']"
151,151,"['1', '2', '10', '13', '18', '19']"
152,152,"['1', '5', '13', '26', '29', '34']"
153,153,"['3', '8', '11', '12', '13', '36']"
154,154,"['6', '19', '21', '35', '40', '45']"
155,155,"['16', '19', '20', '32', '33', '41']"
156,156,"['5', '18', '28', '30', '42', '45']"
157,157,"['19', '26', '30', '33', '35', '39']"
158,158,"['4', '9', '13', '18', '21', '34']"
159,159,"['1', '18', '30', '41', '42', '43']"
160,160,"['3', '7', '8', '34', '39', '41']"
161,161,"['22', '34', '36', '40', '42', '45']"
162,162,"['1', '5', '21', '25', '38', '41']"
163,163,"['7', '11', '26', '28', '29', '44']"
164,164,"['6', '9', '10', '11', '39', '41']"
165,165,"['5', '13', '18', '19', '22', '42']"
166,166,"['9', '12', '27', '36', '39', '45']"
167,167,"['24', '27', '28', '30', '36', '39']"
168,168,"['3', '10', '31', '40', '42', '43']"
169,169,"['16', '27', '35', '37', '43', '45']"
170,170,"['2', '11', '13', '15', '31', '42']"
171,171,"['4', '16', '25', '29', '34', '35']"
172,172,"['4', '19', '21', '24', '26', '41']"
173,173,"['3', '9', '24', '30', '33', '34']"
174,174,"['13', '14', '18', '22', '35', '39']"
175,175,"['19', '26', '28', '31', '33', '36']"
176,176,"['4', '17', '30', '32', '33', '34']"
177,177,"['1', '10', '13', '16', '37', '43']"
178,178,"['1', '5', '11', '12', '18', '23']"
179,179,"['5', '9', '17', '25', '39', '43']"
180,180,"['2', '15', '20', '21', '29', '34']"
181,181,"['14', '21', '23', '32', '40', '45']"
182,182,"['13', '15', '27', '29', '34', '40']"
183,183,"['2', '18', '24', '34', '40', '42']"
184,184,"['1', '2', '6', '16', '20', '33']"
185,185,"['1', '2', '4', '8', '19', '38']"
186,186,"['4', '10', '14', '19', '21', '45']"
187,187,"['1', '2', '8', '18', '29', '38']"
188,188,"['19', '24', '27', '30', '31', '34']"
189,189,"['8', '14', '32', '35', '37', '45']"
190,190,"['8', '14', '18', '30', '31', '44']"
191,191,"['5', '6', '24', '25', '32', '37']"
192,192,"['4', '8', '11', '18', '37', '45']"
193,193,"['6', '14', '18', '26', '36', '39']"
194,194,"['15', '20', '23', '26', '39', '44']"
195,195,"['7', '10', '19', '22', '35', '40']"
196,196,"['35', '36', '37', '41', '44', '45']"
197,197,"['7', '12', '16', '34', '42', '45']"
198,198,"['12', '19', '20', '25', '41', '45']"
199,199,"['14', '21', '22', '25', '30', '36']"
200,200,"['5', '6', '13', '14', '17', '20']"
201,201,"['3', '11', '24', '38', '39', '44']"
202,202,"['12', '14', '27', '33', '39', '44']"
203,203,"['1', '3', '11', '24', '30', '32']"
204,204,"['3', '12', '14', '35', '40', '45']"
205,205,"['1', '3', '21', '29', '35', '37']"
206,206,"['1', '2', '3', '15', '20', '25']"
207,207,"['3', '11', '14', '31', '32', '37']"
208,208,"['14', '25', '31', '34', '40', '44']"
209,209,"['2', '7', '18', '20', '24', '33']"
210,210,"['10', '19', '22', '23', '25', '37']"
211,211,"['12', '13', '17', '20', '33', '41']"
212,212,"['11', '12', '18', '21', '31', '38']"
213,213,"['2', '3', '4', '5', '20', '24']"
214,214,"['5', '7', '20', '25', '28', '37']"
215,215,"['2', '3', '7', '15', '43', '44']"
216,216,"['7', '16', '17', '33', '36', '40']"
217,217,"['16', '20', '27', '33', '35', '39']"
218,218,"['1', '8', '14', '18', '29', '44']"
219,219,"['4', '11', '20', '26', '35', '37']"
220,220,"['5', '11', '19', '21', '34', '43']"
221,221,"['2', '20', '33', '35', '37', '40']"
222,222,"['5', '7', '28', '29', '39', '43']"
223,223,"['1', '3', '18', '20', '26', '27']"
224,224,"['4', '19', '26', '27', '30', '42']"
225,225,"['5', '11', '13', '19', '31', '36']"
226,226,"['2', '6', '8', '14', '21', '22']"
227,227,"['4', '5', '15', '16', '22', '42']"
228,228,"['17', '25', '35', '36', '39', '44']"
229,229,"['4', '5', '9', '11', '23', '38']"
230,230,"['5', '11', '14', '29', '32', '33']"
231,231,"['5', '10', '19', '31', '44', '45']"
232,232,"['8', '9', '10', '12', '24', '44']"
233,233,"['4', '6', '13', '17', '28', '40']"
234,234,"['13', '21', '22', '24', '26', '37']"
235,235,"['21', '22', '26', '27', '31', '37']"
236,236,"['1', '4', '8', '13', '37', '39']"
237,237,"['1', '11', '17', '21', '24', '44']"
238,238,"['2', '4', '15', '28', '31', '34']"
239,239,"['11', '15', '24', '39', '41', '44']"
240,240,"['6', '10', '16', '40', '41', '43']"
241,241,"['2', '16', '24', '27', '28', '35']"
242,242,"['4', '19', '20', '21', '32', '34']"
243,243,"['2', '12', '17', '19', '28', '42']"
244,244,"['13', '16', '25', '36', '37', '38']"
245,245,"['9', '11', '27', '31', '32', '38']"
246,246,"['13', '18', '21', '23', '26', '39']"
247,247,"['12', '15', '28', '36', '39', '40']"
248,248,"['3', '8', '17', '23', '38', '45']"
249,249,"['3', '8', '27', '31', '41', '44']"
250,250,"['19', '23', '30', '37', '43', '45']"
251,251,"['6', '7', '19', '25', '28', '38']"
252,252,"['14', '23', '26', '31', '39', '45']"
253,253,"['8', '19', '25', '31', '34', '36']"
254,254,"['1', '5', '19', '20', '24', '30']"
255,255,"['1', '5', '6', '24', '27', '42']"
256,256,"['4', '11', '14', '21', '23', '43']"
257,257,"['6', '13', '27', '31', '32', '37']"
258,258,"['14', '27', '30', '31', '38', '40']"
259,259,"['4', '5', '14', '35', '42', '45']"
260,260,"['7', '12', '15', '24', '37', '40']"
261,261,"['6', '11', '16', '18', '31', '43']"
262,262,"['9', '12', '24', '25', '29', '31']"
263,263,"['1', '27', '28', '32', '37', '40']"
264,264,"['9', '16', '27', '36', '41', '44']"
265,265,"['5', '9', '34', '37', '38', '39']"
266,266,"['3', '4', '9', '11', '22', '42']"
267,267,"['7', '8', '24', '34', '36', '41']"
268,268,"['3', '10', '19', '24', '32', '45']"
269,269,"['5', '18', '20', '36', '42', '43']"
270,270,"['5', '9', '12', '20', '21', '26']"
271,271,"['3', '8', '9', '27', '29', '40']"
272,272,"['7', '9', '12', '27', '39', '43']"
273,273,"['1', '8', '24', '31', '34', '44']"
274,274,"['13', '14', '15', '26', '35', '39']"
275,275,"['14', '19', '20', '35', '38', '40']"
276,276,"['4', '15', '21', '33', '39', '41']"
277,277,"['10', '12', '13', '15', '25', '29']"
278,278,"['3', '11', '37', '39', '41', '43']"
279,279,"['7', '16', '31', '36', '37', '38']"
280,280,"['10', '11', '23', '24', '36', '37']"
281,281,"['1', '3', '4', '6', '14', '41']"
282,282,"['2', '5', '10', '18', '31', '32']"
283,283,"['6', '8', '18', '31', '38', '45']"
284,284,"['2', '7', '15', '24', '30', '45']"
285,285,"['13', '33', '37', '40', '41', '45']"
286,286,"['1', '15', '19', '40', '42', '44']"
287,287,"['6', '12', '24', '27', '35', '37']"
288,288,"['1', '12', '17', '28', '35', '41']"
289,289,"['3', '14', '33', '37', '38', '42']"
290,290,"['8', '13', '18', '32', '39', '45']"
291,291,"['3', '7', '8', '18', '20', '42']"
292,292,"['17', '18', '31', '32', '33', '34']"
293,293,"['1', '9', '17', '21', '29', '33']"
294,294,"['6', '10', '17', '30', '37', '38']"
295,295,"['1', '4', '12', '16', '18', '38']"
296,296,"['3', '8', '15', '27', '30', '45']"
297,297,"['6', '11', '19', '20', '28', '32']"
298,298,"['5', '9', '27', '29', '37', '40']"
299,299,"['1', '3', '20', '25', '36', '45']"
300,300,"['7', '9', '10', '12', '26', '38']"
301,301,"['7', '11', '13', '33', '37', '43']"
302,302,"['13', '19', '20', '32', '38', '42']"
303,303,"['2', '14', '17', '30', '38', '45']"
304,304,"['4', '10', '16', '26', '33', '41']"
305,305,"['7', '8', '18', '21', '23', '39']"
306,306,"['4', '18', '23', '30', '34', '41']"
307,307,"['5', '15', '21', '23', '25', '45']"
308,308,"['14', '15', '17', '19', '37', '45']"
309,309,"['1', '2', '5', '11', '18', '36']"
310,310,"['1', '5', '19', '28', '34', '41']"
311,311,"['4', '12', '24', '27', '28', '32']"
312,312,"['2', '3', '5', '6', '12', '20']"
313,313,"['9', '17', '34', '35', '43', '45']"
314,314,"['15', '17', '19', '34', '38', '41']"
315,315,"['1', '13', '33', '35', '43', '45']"
316,316,"['10', '11', '21', '27', '31', '39']"
317,317,"['3', '10', '11', '22', '36', '39']"
318,318,"['2', '17', '19', '20', '34', '45']"
319,319,"['5', '8', '22', '28', '33', '42']"
320,320,"['16', '19', '23', '25', '41', '45']"
321,321,"['12', '18', '20', '21', '25', '34']"
322,322,"['9', '18', '29', '32', '38', '43']"
323,323,"['10', '14', '15', '32', '36', '42']"
324,324,"['2', '4', '21', '25', '33', '36']"
325,325,"['7', '17', '20', '32', '44', '45']"
326,326,"['16', '23', '25', '33', '36', '39']"
327,327,"['6', '12', '13', '17', '32', '44']"
328,328,"['1', '6', '9', '16', '17', '28']"
329,329,"['9', '17', '19', '30', '35', '42']"
330,330,"['3', '4', '16', '17', '19', '20']"
331,331,"['4', '9', '14', '26', '31', '44']"
332,332,"['16', '17', '34', '36', '42', '45']"
333,333,"['5', '14', '27', '30', '39', '43']"
334,334,"['13', '15', '21', '29', '39', '43']"
335,335,"['5', '9', '16', '23', '26', '45']"
336,336,"['3', '5', '20', '34', '35', '44']"
337,337,"['1', '5', '14', '18', '32', '37']"
338,338,"['2', '13', '34', '38', '42', '45']"
339,339,"['6', '8', '14', '21', '30', '37']"
340,340,"['18', '24', '26', '29', '34', '38']"
341,341,"['1', '8', '19', '34', '39', '43']"
342,342,"['1', '13', '14', '33', '34', '43']"
343,343,"['1', '10', '17', '29', '31', '43']"
344,344,"['1', '2', '15', '28', '34', '45']"
345,345,"['15', '20', '23', '29', '39', '42']"
346,346,"['5', '13', '14', '22', '44', '45']"
347,347,"['3', '8', '13', '27', '32', '42']"
348,348,"['3', '14', '17', '20', '24', '31']"
349,349,"['5', '13', '14', '20', '24', '25']"
350,350,"['1', '8', '18', '24', '29', '33']"
351,351,"['5', '25', '27', '29', '34', '36']"
352,352,"['5', '16', '17', '20', '26', '41']"
353,353,"['11', '16', '19', '22', '29', '36']"
354,354,"['14', '19', '36', '43', '44', '45']"
355,355,"['5', '8', '29', '30', '35', '44']"
356,356,"['2', '8', '14', '25', '29', '45']"
357,357,"['10', '14', '18', '21', '36', '37']"
358,358,"['1', '9', '10', '12', '21', '40']"
359,359,"['1', '10', '19', '20', '24', '40']"
360,360,"['4', '16', '23', '25', '35', '40']"
361,361,"['5', '10', '16', '24', '27', '35']"
362,362,"['2', '3', '22', '27', '30', '40']"
363,363,"['11', '12', '14', '21', '32', '38']"
364,364,"['2', '5', '7', '14', '16', '40']"
365,365,"['5', '15', '21', '25', '26', '30']"
366,366,"['5', '12', '19', '26', '27', '44']"
367,367,"['3', '22', '25', '29', '32', '44']"
368,368,"['11', '21', '24', '30', '39', '45']"
369,369,"['17', '20', '35', '36', '41', '43']"
370,370,"['16', '18', '24', '42', '44', '45']"
371,371,"['7', '9', '15', '26', '27', '42']"
372,372,"['8', '11', '14', '16', '18', '21']"
373,373,"['15', '26', '37', '42', '43', '45']"
374,374,"['11', '13', '15', '17', '25', '34']"
375,375,"['4', '8', '19', '25', '27', '45']"
376,376,"['1', '11', '13', '24', '28', '40']"
377,377,"['6', '22', '29', '37', '43', '45']"
378,378,"['5', '22', '29', '31', '34', '39']"
379,379,"['6', '10', '22', '31', '35', '40']"
380,380,"['1', '2', '8', '17', '26', '37']"
381,381,"['1', '5', '10', '12', '16', '20']"
382,382,"['10', '15', '22', '24', '27', '42']"
383,383,"['4', '15', '28', '33', '37', '40']"
384,384,"['11', '22', '24', '32', '36', '38']"
385,385,"['7', '12', '19', '21', '29', '32']"
386,386,"['4', '7', '10', '19', '31', '40']"
387,387,"['1', '26', '31', '34', '40', '43']"
388,388,"['1', '8', '9', '17', '29', '32']"
389,389,"['7', '16', '18', '20', '23', '26']"
390,390,"['16', '17', '28', '37', '39', '40']"
391,391,"['10', '11', '18', '22', '28', '39']"
392,392,"['1', '3', '7', '8', '24', '42']"
393,393,"['9', '16', '28', '40', '41', '43']"
394,394,"['1', '13', '20', '22', '25', '28']"
395,395,"['11', '15', '20', '26', '31', '35']"
396,396,"['18', '20', '31', '34', '40', '45']"
397,397,"['12', '13', '17', '22', '25', '33']"
398,398,"['10', '15', '20', '23', '42', '44']"
399,399,"['1', '2', '9', '17', '19', '42']"
400,400,"['9', '21', '27', '34', '41', '43']"
401,401,"['6', '12', '18', '31', '38', '43']"
402,402,"['5', '9', '15', '19', '22', '36']"
403,403,"['10', '14', '22', '24', '28', '37']"
404,404,"['5', '20', '21', '24', '33', '40']"
405,405,"['1', '2', '10', '25', '26', '44']"
406,406,"['7', '12', '21', '24', '27', '36']"
407,407,"['6', '7', '13', '16', '24', '25']"
408,408,"['9', '20', '21', '22', '30', '37']"
409,409,"['6', '9', '21', '31', '32', '40']"
410,410,"['1', '3', '18', '32', '40', '41']"
411,411,"['11', '14', '22', '35', '37', '39']"
412,412,"['4', '7', '39', '41', '42', '45']"
413,413,"['2', '9', '15', '23', '34', '40']"
414,414,"['2', '14', '15', '22', '23', '44']"
415,415,"['7', '17', '20', '26', '30', '40']"
416,416,"['5', '6', '8', '11', '22', '26']"
417,417,"['4', '5', '14', '20', '22', '43']"
418,418,"['11', '13', '15', '26', '28', '34']"
419,419,"['2', '11', '13', '14', '28', '30']"
420,420,"['4', '9', '10', '29', '31', '34']"
421,421,"['6', '11', '26', '27', '28', '44']"
422,422,"['8', '15', '19', '21', '34', '44']"
423,423,"['1', '17', '27', '28', '29', '40']"
424,424,"['10', '11', '26', '31', '34', '44']"
425,425,"['8', '10', '14', '27', '33', '38']"
426,426,"['4', '17', '18', '27', '39', '43']"
427,427,"['6', '7', '15', '24', '28', '30']"
428,428,"['12', '16', '19', '22', '37', '40']"
429,429,"['3', '23', '28', '34', '39', '42']"
430,430,"['1', '3', '16', '18', '30', '34']"
431,431,"['18', '22', '25', '31', '38', '45']"
432,432,"['2', '3', '5', '11', '27', '39']"
433,433,"['19', '23', '29', '33', '35', '43']"
434,434,"['3', '13', '20', '24', '33', '37']"
435,435,"['8', '16', '26', '30', '38', '45']"
436,436,"['9', '14', '20', '22', '33', '34']"
437,437,"['11', '16', '29', '38', '41', '44']"
438,438,"['6', '12', '20', '26', '29', '38']"
439,439,"['17', '20', '30', '31', '37', '40']"
440,440,"['10', '22', '28', '34', '36', '44']"
441,441,"['1', '23', '28', '30', '34', '35']"
442,442,"['25', '27', '29', '36', '38', '40']"
443,443,"['4', '6', '10', '19', '20', '44']"
444,444,"['11', '13', '23', '35', '43', '45']"
445,445,"['13', '20', '21', '30', '39', '45']"
446,446,"['1', '11', '12', '14', '26', '35']"
447,447,"['2', '7', '8', '9', '17', '33']"
448,448,"['3', '7', '13', '27', '40', '41']"
449,449,"['3', '10', '20', '26', '35', '43']"
450,450,"['6', '14', '19', '21', '23', '31']"
451,451,"['12', '15', '20', '24', '30', '38']"
452,452,"['8', '10', '18', '30', '32', '34']"
453,453,"['12', '24', '33', '38', '40', '42']"
454,454,"['13', '25', '27', '34', '38', '41']"
455,455,"['4', '19', '20', '26', '30', '35']"
456,456,"['1', '7', '12', '18', '23', '27']"
457,457,"['8', '10', '18', '23', '27', '40']"
458,458,"['4', '9', '10', '32', '36', '40']"
459,459,"['4', '6', '10', '14', '25', '40']"
460,460,"['8', '11', '28', '30', '43', '45']"
461,461,"['11', '18', '26', '31', '37', '40']"
462,462,"['3', '20', '24', '32', '37', '45']"
463,463,"['23', '29', '31', '33', '34', '44']"
464,464,"['6', '12', '15', '34', '42', '44']"
465,465,"['1', '8', '11', '13', '22', '38']"
466,466,"['4', '10', '13', '23', '32', '44']"
467,467,"['2', '12', '14', '17', '24', '40']"
468,468,"['8', '13', '15', '28', '37', '43']"
469,469,"['4', '21', '22', '34', '37', '38']"
470,470,"['10', '16', '20', '39', '41', '42']"
471,471,"['6', '13', '29', '37', '39', '41']"
472,472,"['16', '25', '26', '31', '36', '43']"
473,473,"['8', '13', '20', '22', '23', '36']"
474,474,"['4', '13', '18', '31', '33', '45']"
475,475,"['1', '9', '14', '16', '21', '29']"
476,476,"['9', '12', '13', '15', '37', '38']"
477,477,"['14', '25', '29', '32', '33', '45']"
478,478,"['18', '29', '30', '37', '39', '43']"
479,479,"['8', '23', '25', '27', '35', '44']"
480,480,"['3', '5', '10', '17', '30', '31']"
481,481,"['3', '4', '23', '29', '40', '41']"
482,482,"['1', '10', '16', '24', '25', '35']"
483,483,"['12', '15', '19', '22', '28', '34']"
484,484,"['1', '3', '27', '28', '32', '45']"
485,485,"['17', '22', '26', '27', '36', '39']"
486,486,"['1', '2', '23', '25', '38', '40']"
487,487,"['4', '8', '25', '27', '37', '41']"
488,488,"['2', '8', '17', '30', '31', '38']"
489,489,"['2', '4', '8', '15', '20', '27']"
490,490,"['2', '7', '26', '29', '40', '43']"
491,491,"['8', '17', '35', '36', '39', '42']"
492,492,"['22', '27', '31', '35', '37', '40']"
493,493,"['20', '22', '26', '33', '36', '37']"
494,494,"['5', '7', '8', '15', '30', '43']"
495,495,"['4', '13', '22', '27', '34', '44']"
496,496,"['4', '13', '20', '29', '36', '41']"
497,497,"['19', '20', '23', '24', '43', '44']"
498,498,"['13', '14', '24', '32', '39', '41']"
499,499,"['5', '20', '23', '27', '35', '40']"
500,500,"['3', '4', '12', '20', '24', '34']"
501,501,"['1', '4', '10', '17', '31', '42']"
502,502,"['6', '22', '28', '32', '34', '40']"
503,503,"['1', '5', '27', '30', '34', '36']"
504,504,"['6', '14', '22', '26', '43', '44']"
505,505,"['7', '20', '22', '25', '38', '40']"
506,506,"['6', '9', '11', '22', '24', '30']"
507,507,"['12', '13', '32', '33', '40', '41']"
508,508,"['5', '27', '31', '34', '35', '43']"
509,509,"['12', '25', '29', '35', '42', '43']"
510,510,"['12', '29', '32', '33', '39', '40']"
511,511,"['3', '7', '14', '23', '26', '42']"
512,512,"['4', '5', '9', '13', '26', '27']"
513,513,"['5', '8', '21', '23', '27', '33']"
514,514,"['1', '15', '20', '26', '35', '42']"
515,515,"['2', '11', '12', '15', '23', '37']"
516,516,"['2', '8', '23', '41', '43', '44']"
517,517,"['1', '9', '12', '28', '36', '41']"
518,518,"['14', '23', '30', '32', '34', '38']"
519,519,"['6', '8', '13', '16', '30', '43']"
520,520,"['4', '22', '27', '28', '38', '40']"
521,521,"['3', '7', '18', '29', '32', '36']"
522,522,"['4', '5', '13', '14', '37', '41']"
523,523,"['1', '4', '37', '38', '40', '45']"
524,524,"['10', '11', '29', '38', '41', '45']"
525,525,"['11', '23', '26', '29', '39', '44']"
526,526,"['7', '14', '17', '20', '35', '39']"
527,527,"['1', '12', '22', '32', '33', '42']"
528,528,"['5', '17', '25', '31', '39', '40']"
529,529,"['18', '20', '24', '27', '31', '42']"
530,530,"['16', '23', '27', '29', '33', '41']"
531,531,"['1', '5', '9', '21', '27', '35']"
532,532,"['16', '17', '23', '24', '29', '44']"
533,533,"['9', '14', '15', '17', '31', '33']"
534,534,"['10', '24', '26', '29', '37', '38']"
535,535,"['11', '12', '14', '15', '18', '39']"
536,536,"['7', '8', '18', '32', '37', '43']"
537,537,"['12', '23', '26', '30', '36', '43']"
538,538,"['6', '10', '18', '31', '32', '34']"
539,539,"['3', '19', '22', '31', '42', '43']"
540,540,"['3', '12', '13', '15', '34', '36']"
541,541,"['8', '13', '26', '28', '32', '34']"
542,542,"['5', '6', '19', '26', '41', '45']"
543,543,"['13', '18', '26', '31', '34', '44']"
544,544,"['5', '17', '21', '25', '36', '44']"
545,545,"['4', '24', '25', '27', '34', '35']"
546,546,"['8', '17', '20', '27', '37', '43']"
547,547,"['6', '7', '15', '22', '34', '39']"
548,548,"['1', '12', '13', '21', '32', '45']"
549,549,"['29', '31', '35', '38', '40', '44']"
550,550,"['1', '7', '14', '20', '34', '37']"
551,551,"['3', '6', '20', '24', '27', '44']"
552,552,"['1', '10', '20', '32', '35', '40']"
553,553,"['2', '7', '17', '28', '29', '39']"
554,554,"['13', '14', '17', '32', '41', '42']"
555,555,"['11', '17', '21', '24', '26', '36']"
556,556,"['12', '20', '23', '28', '30', '44']"
557,557,"['4', '20', '26', '28', '35', '40']"
558,558,"['12', '15', '19', '26', '40', '43']"
559,559,"['11', '12', '25', '32', '44', '45']"
560,560,"['1', '4', '20', '23', '29', '45']"
561,561,"['5', '7', '18', '37', '42', '45']"
562,562,"['4', '11', '13', '17', '20', '31']"
563,563,"['5', '10', '16', '17', '31', '32']"
564,564,"['14', '19', '25', '26', '27', '34']"
565,565,"['4', '10', '18', '27', '40', '45']"
566,566,"['4', '5', '6', '25', '26', '43']"
567,567,"['1', '10', '15', '16', '32', '41']"
568,568,"['1', '3', '17', '20', '31', '44']"
569,569,"['3', '6', '13', '23', '24', '35']"
570,570,"['1', '12', '26', '27', '29', '33']"
571,571,"['11', '18', '21', '26', '38', '43']"
572,572,"['3', '13', '18', '33', '37', '45']"
573,573,"['2', '4', '20', '34', '35', '43']"
574,574,"['14', '15', '16', '19', '25', '43']"
575,575,"['2', '8', '20', '30', '33', '34']"
576,576,"['10', '11', '15', '25', '35', '41']"
577,577,"['16', '17', '22', '31', '34', '37']"
578,578,"['5', '12', '14', '32', '34', '42']"
579,579,"['5', '7', '20', '22', '37', '42']"
580,580,"['5', '7', '9', '11', '32', '35']"
581,581,"['3', '5', '14', '20', '42', '44']"
582,582,"['2', '12', '14', '33', '40', '41']"
583,583,"['8', '17', '27', '33', '40', '44']"
584,584,"['7', '18', '30', '39', '40', '41']"
585,585,"['6', '7', '10', '16', '38', '41']"
586,586,"['2', '7', '12', '15', '21', '34']"
587,587,"['14', '21', '29', '31', '32', '37']"
588,588,"['2', '8', '15', '22', '25', '41']"
589,589,"['6', '8', '28', '33', '38', '39']"
590,590,"['20', '30', '36', '38', '41', '45']"
591,591,"['8', '13', '14', '30', '38', '39']"
592,592,"['2', '5', '6', '13', '28', '44']"
593,593,"['9', '10', '13', '24', '33', '38']"
594,594,"['2', '8', '13', '25', '28', '37']"
595,595,"['8', '24', '28', '35', '38', '40']"
596,596,"['3', '4', '12', '14', '25', '43']"
597,597,"['8', '10', '23', '24', '35', '43']"
598,598,"['4', '12', '24', '33', '38', '45']"
599,599,"['5', '12', '17', '29', '34', '35']"
600,600,"['5', '11', '14', '27', '29', '36']"
601,601,"['2', '16', '19', '31', '34', '35']"
602,602,"['13', '14', '22', '27', '30', '38']"
603,603,"['2', '19', '25', '26', '27', '43']"
604,604,"['2', '6', '18', '21', '33', '34']"
605,605,"['1', '2', '7', '9', '10', '38']"
606,606,"['1', '5', '6', '14', '20', '39']"
607,607,"['8', '14', '23', '36', '38', '39']"
608,608,"['4', '8', '18', '19', '39', '44']"
609,609,"['4', '8', '27', '34', '39', '40']"
610,610,"['14', '18', '20', '23', '28', '36']"
611,611,"['2', '22', '27', '33', '36', '37']"
612,612,"['6', '9', '18', '19', '25', '33']"
613,613,"['7', '8', '11', '16', '41', '44']"
614,614,"['8', '21', '25', '39', '40', '44']"
615,615,"['10', '17', '18', '19', '23', '27']"
616,616,"['5', '13', '18', '23', '40', '45']"
617,617,"['4', '5', '11', '12', '24', '27']"
618,618,"['8', '16', '25', '30', '42', '43']"
619,619,"['6', '8', '13', '30', '35', '40']"
620,620,"['2', '16', '17', '32', '39', '45']"
621,621,"['1', '2', '6', '16', '19', '42']"
622,622,"['9', '15', '16', '21', '28', '34']"
623,623,"['7', '13', '30', '39', '41', '45']"
624,624,"['1', '7', '19', '26', '27', '35']"
625,625,"['3', '6', '7', '20', '21', '39']"
626,626,"['13', '14', '26', '33', '40', '43']"
627,627,"['2', '9', '22', '25', '31', '45']"
628,628,"['1', '7', '12', '15', '23', '42']"
629,629,"['19', '28', '31', '38', '43', '44']"
630,630,"['8', '17', '21', '24', '27', '31']"
631,631,"['1', '2', '4', '23', '31', '34']"
632,632,"['15', '18', '21', '32', '35', '44']"
633,633,"['9', '12', '19', '20', '39', '41']"
634,634,"['4', '10', '11', '12', '20', '27']"
635,635,"['11', '13', '25', '26', '29', '33']"
636,636,"['6', '7', '15', '16', '20', '31']"
637,637,"['3', '16', '22', '37', '38', '44']"
638,638,"['7', '18', '22', '24', '31', '34']"
639,639,"['6', '15', '22', '23', '25', '32']"
640,640,"['14', '15', '18', '21', '26', '35']"
641,641,"['11', '18', '21', '36', '37', '43']"
642,642,"['8', '17', '18', '24', '39', '45']"
643,643,"['15', '24', '31', '32', '33', '40']"
644,644,"['5', '13', '17', '23', '28', '36']"
645,645,"['1', '4', '16', '26', '40', '41']"
646,646,"['2', '9', '24', '41', '43', '45']"
647,647,"['5', '16', '21', '23', '24', '30']"
648,648,"['13', '19', '28', '37', '38', '43']"
649,649,"['3', '21', '22', '33', '41', '42']"
650,650,"['3', '4', '7', '11', '31', '41']"
651,651,"['11', '12', '16', '26', '29', '44']"
652,652,"['3', '13', '15', '40', '41', '44']"
653,653,"['5', '6', '26', '27', '38', '39']"
654,654,"['16', '21', '26', '31', '36', '43']"
655,655,"['7', '37', '38', '39', '40', '44']"
656,656,"['3', '7', '14', '16', '31', '40']"
657,657,"['10', '14', '19', '39', '40', '43']"
658,658,"['8', '19', '25', '28', '32', '36']"
659,659,"['7', '18', '19', '27', '29', '42']"
660,660,"['4', '9', '23', '33', '39', '44']"
661,661,"['2', '3', '12', '20', '27', '38']"
662,662,"['5', '6', '9', '11', '15', '37']"
663,663,"['3', '5', '8', '19', '38', '42']"
664,664,"['10', '20', '33', '36', '41', '44']"
665,665,"['5', '6', '11', '17', '38', '44']"
666,666,"['2', '4', '6', '11', '17', '28']"
667,667,"['15', '17', '25', '37', '42', '43']"
668,668,"['12', '14', '15', '24', '27', '32']"
669,669,"['7', '8', '20', '29', '33', '38']"
670,670,"['11', '18', '26', '27', '40', '41']"
671,671,"['7', '9', '10', '13', '31', '35']"
672,672,"['8', '21', '28', '31', '36', '45']"
673,673,"['7', '10', '17', '29', '33', '44']"
674,674,"['9', '10', '14', '25', '27', '31']"
675,675,"['1', '8', '11', '15', '18', '45']"
676,676,"['1', '8', '17', '34', '39', '45']"
677,677,"['12', '15', '24', '36', '41', '44']"
678,678,"['4', '5', '6', '12', '25', '37']"
679,679,"['3', '5', '7', '14', '26', '34']"
680,680,"['4', '10', '19', '29', '32', '42']"
681,681,"['21', '24', '27', '29', '43', '44']"
682,682,"['17', '23', '27', '35', '38', '43']"
683,683,"['6', '13', '20', '27', '28', '40']"
684,684,"['1', '11', '15', '17', '25', '39']"
685,685,"['6', '7', '12', '28', '38', '40']"
686,686,"['7', '12', '15', '24', '25', '43']"
687,687,"['1', '8', '10', '13', '28', '42']"
688,688,"['5', '15', '22', '23', '34', '35']"
689,689,"['7', '17', '19', '30', '36', '38']"
690,690,"['24', '25', '33', '34', '38', '39']"
691,691,"['15', '27', '33', '35', '43', '45']"
692,692,"['3', '11', '14', '15', '32', '36']"
693,693,"['1', '6', '11', '28', '34', '42']"
694,694,"['7', '15', '20', '25', '33', '43']"
695,695,"['4', '18', '26', '33', '34', '38']"
696,696,"['1', '7', '16', '18', '34', '38']"
697,697,"['2', '5', '8', '11', '33', '39']"
698,698,"['3', '11', '13', '21', '33', '37']"
699,699,"['4', '5', '8', '16', '21', '29']"
700,700,"['11', '23', '28', '29', '30', '44']"
701,701,"['3', '10', '14', '16', '36', '38']"
702,702,"['3', '13', '16', '24', '26', '29']"
703,703,"['10', '28', '31', '33', '41', '44']"
704,704,"['1', '4', '8', '23', '33', '42']"
705,705,"['1', '6', '17', '22', '28', '45']"
706,706,"['3', '4', '6', '10', '28', '30']"
707,707,"['2', '12', '19', '24', '39', '44']"
708,708,"['2', '10', '16', '19', '34', '45']"
709,709,"['10', '18', '30', '36', '39', '44']"
710,710,"['3', '4', '9', '24', '25', '33']"
711,711,"['11', '15', '24', '35', '37', '45']"
712,712,"['17', '20', '30', '31', '33', '45']"
713,713,"['2', '5', '15', '18', '19', '23']"
714,714,"['1', '7', '22', '33', '37', '40']"
715,715,"['2', '7', '27', '33', '41', '44']"
716,716,"['2', '6', '13', '16', '29', '30']"
717,717,"['2', '11', '19', '25', '28', '32']"
718,718,"['4', '11', '20', '23', '32', '39']"
719,719,"['4', '8', '13', '19', '20', '43']"
720,720,"['1', '12', '29', '34', '36', '37']"
721,721,"['1', '28', '35', '41', '43', '44']"
722,722,"['12', '14', '21', '30', '39', '43']"
723,723,"['20', '30', '33', '35', '36', '44']"
724,724,"['2', '8', '33', '35', '37', '41']"
725,725,"['6', '7', '19', '21', '41', '43']"
726,726,"['1', '11', '21', '23', '34', '44']"
727,727,"['7', '8', '10', '19', '21', '31']"
728,728,"['3', '6', '10', '30', '34', '37']"
729,729,"['11', '17', '21', '26', '36', '45']"
730,730,"['4', '10', '14', '15', '18', '22']"
731,731,"['2', '7', '13', '25', '42', '45']"
732,732,"['2', '4', '5', '17', '27', '32']"
733,733,"['11', '24', '32', '33', '35', '40']"
734,734,"['6', '16', '37', '38', '41', '45']"
735,735,"['5', '10', '13', '27', '37', '41']"
736,736,"['2', '11', '17', '18', '21', '27']"
737,737,"['13', '15', '18', '24', '27', '41']"
738,738,"['23', '27', '28', '38', '42', '43']"
739,739,"['7', '22', '29', '33', '34', '35']"
740,740,"['4', '8', '9', '16', '17', '19']"
741,741,"['5', '21', '27', '34', '44', '45']"
742,742,"['8', '10', '13', '36', '37', '40']"
743,743,"['15', '19', '21', '34', '41', '44']"
744,744,"['10', '15', '18', '21', '34', '41']"
745,745,"['1', '2', '3', '9', '12', '23']"
746,746,"['3', '12', '33', '36', '42', '45']"
747,747,"['7', '9', '12', '14', '23', '28']"
748,748,"['3', '10', '13', '22', '31', '32']"
749,749,"['12', '14', '24', '26', '34', '45']"
750,750,"['1', '2', '15', '19', '24', '36']"
751,751,"['3', '4', '16', '20', '28', '44']"
752,752,"['4', '16', '20', '33', '40', '43']"
753,753,"['2', '17', '19', '24', '37', '41']"
754,754,"['2', '8', '17', '24', '29', '31']"
755,755,"['13', '14', '26', '28', '30', '36']"
756,756,"['10', '14', '16', '18', '27', '28']"
757,757,"['6', '7', '11', '17', '33', '44']"
758,758,"['5', '9', '12', '30', '39', '43']"
759,759,"['9', '33', '36', '40', '42', '43']"
760,760,"['10', '22', '27', '31', '42', '43']"
761,761,"['4', '7', '11', '24', '42', '45']"
762,762,"['1', '3', '12', '21', '26', '41']"
763,763,"['3', '8', '16', '32', '34', '43']"
764,764,"['7', '22', '24', '31', '34', '36']"
765,765,"['1', '3', '8', '12', '42', '43']"
766,766,"['9', '30', '34', '35', '39', '41']"
767,767,"['5', '15', '20', '31', '34', '42']"
768,768,"['7', '27', '29', '30', '38', '44']"
769,769,"['5', '7', '11', '16', '41', '45']"
770,770,"['1', '9', '12', '23', '39', '43']"
771,771,"['6', '10', '17', '18', '21', '29']"
772,772,"['5', '6', '11', '14', '21', '41']"
773,773,"['8', '12', '19', '21', '31', '35']"
774,774,"['12', '15', '18', '28', '34', '42']"
775,775,"['11', '12', '29', '33', '38', '42']"
776,776,"['8', '9', '18', '21', '28', '40']"
777,777,"['6', '12', '17', '21', '34', '37']"
778,778,"['6', '21', '35', '36', '37', '41']"
779,779,"['6', '12', '19', '24', '34', '41']"
780,780,"['15', '17', '19', '21', '27', '45']"
781,781,"['11', '16', '18', '19', '24', '39']"
782,782,"['6', '18', '31', '34', '38', '45']"
783,783,"['14', '15', '16', '17', '38', '45']"
784,784,"['3', '10', '23', '24', '31', '39']"
785,785,"['4', '6', '15', '25', '26', '33']"
786,786,"['12', '15', '16', '20', '24', '30']"
787,787,"['5', '6', '13', '16', '27', '28']"
788,788,"['2', '10', '11', '19', '35', '39']"
789,789,"['2', '6', '7', '12', '19', '45']"
790,790,"['3', '8', '19', '27', '30', '41']"
791,791,"['2', '10', '12', '31', '33', '42']"
792,792,"['2', '7', '19', '25', '29', '36']"
793,793,"['10', '15', '21', '35', '38', '43']"
794,794,"['6', '7', '18', '19', '30', '38']"
795,795,"['3', '10', '13', '26', '34', '38']"
796,796,"['1', '21', '26', '36', '40', '41']"
797,797,"['5', '22', '31', '32', '39', '45']"
798,798,"['2', '10', '14', '22', '32', '36']"
799,799,"['12', '17', '23', '34', '42', '45']"
800,800,"['1', '4', '10', '12', '28', '45']"
801,801,"['17', '25', '28', '37', '43', '44']"
802,802,"['10', '11', '12', '18', '24', '42']"
803,803,"['5', '9', '14', '26', '30', '43']"
804,804,"['1', '10', '13', '26', '32', '36']"
805,805,"['3', '12', '13', '18', '31', '32']"
806,806,"['14', '20', '23', '31', '37', '38']"
807,807,"['6', '10', '18', '25', '34', '35']"
808,808,"['15', '21', '31', '32', '41', '43']"
809,809,"['6', '11', '15', '17', '23', '40']"
810,810,"['5', '10', '13', '21', '39', '43']"
811,811,"['8', '11', '19', '21', '36', '45']"
812,812,"['1', '3', '12', '14', '16', '43']"
813,813,"['11', '30', '34', '35', '42', '44']"
814,814,"['2', '21', '28', '38', '42', '45']"
815,815,"['17', '21', '25', '26', '27', '36']"
816,816,"['12', '18', '19', '29', '31', '39']"
817,817,"['3', '9', '12', '13', '25', '43']"
818,818,"['14', '15', '25', '28', '29', '30']"
819,819,"['16', '25', '33', '38', '40', '45']"
820,820,"['10', '21', '22', '30', '35', '42']"
821,821,"['1', '12', '13', '24', '29', '44']"
822,822,"['9', '18', '20', '24', '27', '36']"
823,823,"['12', '18', '24', '26', '39', '40']"
824,824,"['7', '9', '24', '29', '34', '38']"
825,825,"['8', '15', '21', '31', '33', '38']"
826,826,"['13', '16', '24', '25', '33', '36']"
827,827,"['5', '11', '12', '29', '33', '44']"
828,828,"['4', '7', '13', '29', '31', '39']"
829,829,"['4', '5', '31', '35', '43', '45']"
830,830,"['5', '6', '16', '18', '37', '38']"
831,831,"['3', '10', '16', '19', '31', '39']"
832,832,"['13', '14', '19', '26', '40', '43']"
833,833,"['12', '18', '30', '39', '41', '42']"
834,834,"['6', '8', '18', '35', '42', '43']"
835,835,"['9', '10', '13', '28', '38', '45']"
836,836,"['1', '9', '11', '14', '26', '28']"
837,837,"['2', '25', '28', '30', '33', '45']"
838,838,"['9', '14', '17', '33', '36', '38']"
839,839,"['3', '9', '11', '12', '13', '19']"
840,840,"['2', '4', '11', '28', '29', '43']"
841,841,"['5', '11', '14', '30', '33', '38']"
842,842,"['14', '26', '32', '36', '39', '42']"
843,843,"['19', '21', '30', '33', '34', '42']"
844,844,"['7', '8', '13', '15', '33', '45']"
845,845,"['1', '16', '29', '33', '40', '45']"
846,846,"['5', '18', '30', '41', '43', '45']"
847,847,"['12', '16', '26', '28', '30', '42']"
848,848,"['1', '2', '16', '22', '38', '39']"
849,849,"['5', '13', '17', '29', '34', '39']"
850,850,"['16', '20', '24', '28', '36', '39']"
851,851,"['14', '18', '22', '26', '31', '44']"
852,852,"['11', '17', '28', '30', '33', '35']"
853,853,"['2', '8', '23', '26', '27', '44']"
854,854,"['20', '25', '31', '32', '36', '43']"
855,855,"['8', '15', '17', '19', '43', '44']"
856,856,"['10', '24', '40', '41', '43', '44']"
857,857,"['6', '10', '16', '28', '34', '38']"
858,858,"['9', '13', '32', '38', '39', '43']"
859,859,"['8', '22', '35', '38', '39', '41']"
860,860,"['4', '8', '18', '25', '27', '32']"
861,861,"['11', '17', '19', '21', '22', '25']"
862,862,"['10', '34', '38', '40', '42', '43']"
863,863,"['16', '21', '28', '35', '39', '43']"
864,864,"['3', '7', '10', '13', '25', '36']"
865,865,"['3', '15', '22', '32', '33', '45']"
866,866,"['9', '15', '29', '34', '37', '39']"
867,867,"['14', '17', '19', '22', '24', '40']"
868,868,"['12', '17', '28', '41', '43', '44']"
869,869,"['2', '6', '20', '27', '37', '39']"
870,870,"['21', '25', '30', '32', '40', '42']"
871,871,"['2', '6', '12', '26', '30', '34']"
872,872,"['2', '4', '30', '32', '33', '43']"
873,873,"['3', '5', '12', '13', '33', '39']"
874,874,"['1', '15', '19', '23', '28', '42']"
875,875,"['19', '22', '30', '34', '39', '44']"
876,876,"['5', '16', '21', '26', '34', '42']"
877,877,"['5', '17', '18', '22', '23', '43']"
878,878,"['2', '6', '11', '16', '25', '31']"
879,879,"['1', '4', '10', '14', '15', '35']"
880,880,"['7', '17', '19', '23', '24', '45']"
881,881,"['4', '18', '20', '26', '27', '32']"
882,882,"['18', '34', '39', '43', '44', '45']"
883,883,"['9', '18', '32', '33', '37', '44']"
884,884,"['4', '14', '23', '28', '37', '45']"
885,885,"['1', '3', '24', '27', '39', '45']"
886,886,"['19', '23', '28', '37', '42', '45']"
887,887,"['8', '14', '17', '27', '36', '45']"
888,888,"['3', '7', '12', '31', '34', '38']"
889,889,"['3', '13', '29', '38', '39', '42']"
890,890,"['1', '4', '14', '18', '29', '37']"
891,891,"['9', '13', '28', '31', '39', '41']"
892,892,"['4', '9', '17', '18', '26', '42']"
893,893,"['1', '15', '17', '23', '25', '41']"
894,894,"['19', '32', '37', '40', '41', '43']"
895,895,"['16', '26', '31', '38', '39', '41']"
896,896,"['5', '12', '25', '26', '38', '45']"
897,897,"['6', '7', '12', '22', '26', '36']"
898,898,"['18', '21', '28', '35', '37', '42']"
899,899,"['8', '19', '20', '21', '33', '39']"
900,900,"['7', '13', '16', '18', '35', '38']"
901,901,"['5', '18', '20', '23', '30', '34']"
902,902,"['7', '19', '23', '24', '36', '39']"
903,903,"['2', '15', '16', '21', '22', '28']"
904,904,"['2', '6', '8', '26', '43', '45']"
905,905,"['3', '4', '16', '27', '38', '40']"
906,906,"['2', '5', '14', '28', '31', '32']"
907,907,"['21', '27', '29', '38', '40', '44']"
908,908,"['3', '16', '21', '22', '23', '44']"
909,909,"['7', '24', '29', '30', '34', '35']"
910,910,"['1', '11', '17', '27', '35', '39']"
911,911,"['4', '5', '12', '14', '32', '42']"
912,912,"['5', '8', '18', '21', '22', '38']"
913,913,"['6', '14', '16', '21', '27', '37']"
914,914,"['16', '19', '24', '33', '42', '44']"
915,915,"['2', '6', '11', '13', '22', '37']"
916,916,"['6', '21', '22', '32', '35', '36']"
917,917,"['1', '3', '23', '24', '27', '43']"
918,918,"['7', '11', '12', '31', '33', '38']"
919,919,"['9', '14', '17', '18', '42', '44']"
920,920,"['2', '3', '26', '33', '34', '43']"
921,921,"['5', '7', '12', '22', '28', '41']"
922,922,"['2', '6', '13', '17', '27', '43']"
923,923,"['3', '17', '18', '23', '36', '41']"
924,924,"['3', '11', '34', '42', '43', '44']"
925,925,"['13', '24', '32', '34', '39', '42']"
926,926,"['10', '16', '18', '20', '25', '31']"
927,927,"['4', '15', '22', '38', '41', '43']"
928,928,"['3', '4', '10', '20', '28', '44']"
929,929,"['7', '9', '12', '15', '19', '23']"
930,930,"['8', '21', '25', '38', '39', '44']"
931,931,"['14', '15', '23', '25', '35', '43']"
932,932,"['1', '6', '15', '36', '37', '38']"
933,933,"['23', '27', '29', '31', '36', '45']"
934,934,"['1', '3', '30', '33', '36', '39']"
935,935,"['4', '10', '20', '32', '38', '44']"
936,936,"['7', '11', '13', '17', '18', '29']"
937,937,"['2', '10', '13', '22', '29', '40']"
938,938,"['4', '8', '10', '16', '31', '36']"
939,939,"['4', '11', '28', '39', '42', '45']"
940,940,"['3', '15', '20', '22', '24', '41']"
941,941,"['12', '14', '25', '27', '39', '40']"
942,942,"['10', '12', '18', '35', '42', '43']"
943,943,"['1', '8', '13', '36', '44', '45']"
944,944,"['2', '13', '16', '19', '32', '33']"
945,945,"['9', '10', '15', '30', '33', '37']"
946,946,"['9', '18', '19', '30', '34', '40']"
947,947,"['3', '8', '17', '20', '27', '35']"
948,948,"['13', '18', '30', '31', '38', '41']"
949,949,"['14', '21', '35', '36', '40', '44']"
950,950,"['3', '4', '15', '22', '28', '40']"
951,951,"['2', '12', '30', '31', '39', '43']"
952,952,"['4', '12', '22', '24', '33', '41']"
953,953,"['7', '9', '22', '27', '37', '42']"
954,954,"['1', '9', '26', '28', '30', '41']"
955,955,"['4', '9', '23', '26', '29', '33']"
956,956,"['10', '11', '20', '21', '25', '41']"
957,957,"['4', '15', '24', '35', '36', '40']"
958,958,"['2', '9', '10', '16', '35', '37']"
959,959,"['1', '14', '15', '24', '40', '41']"
960,960,"['2', '18', '24', '30', '32', '45']"
961,961,"['11', '20', '29', '31', '33', '42']"
962,962,"['1', '18', '28', '31', '34', '43']"
963,963,"['6', '12', '19', '23', '34', '42']"
964,964,"['6', '21', '36', '38', '39', '43']"
965,965,"['2', '13', '25', '28', '29', '36']"
966,966,"['1', '21', '25', '29', '34', '37']"
967,967,"['1', '6', '13', '37', '38', '40']"
968,968,"['2', '5', '12', '14', '24', '39']"
969,969,"['3', '9', '10', '29', '40', '45']"
970,970,"['9', '11', '16', '21', '28', '36']"
971,971,"['2', '6', '17', '18', '21', '26']"
972,972,"['3', '6', '17', '23', '37', '39']"
973,973,"['22', '26', '31', '37', '41', '42']"
974,974,"['1', '2', '11', '16', '39', '44']"
975,975,"['7', '8', '9', '17', '22', '24']"
976,976,"['4', '12', '14', '25', '35', '37']"
977,977,"['2', '9', '10', '14', '22', '44']"
978,978,"['1', '7', '15', '32', '34', '42']"
979,979,"['7', '11', '16', '21', '27', '33']"
980,980,"['3', '13', '16', '23', '24', '35']"
981,981,"['27', '36', '37', '41', '43', '45']"
982,982,"['5', '7', '13', '20', '21', '44']"
983,983,"['13', '23', '26', '31', '35', '43']"
984,984,"['3', '10', '23', '35', '36', '37']"
985,985,"['17', '21', '23', '30', '34', '44']"
986,986,"['7', '10', '16', '28', '41', '42']"
987,987,"['2', '4', '15', '23', '29', '38']"
988,988,"['2', '13', '20', '30', '31', '41']"
989,989,"['17', '18', '21', '27', '29', '33']"
990,990,"['2', '4', '25', '26', '36', '37']"
991,991,"['13', '18', '25', '31', '33', '44']"
992,992,"['12', '20', '26', '33', '44', '45']"
993,993,"['6', '14', '16', '18', '24', '42']"
994,994,"['1', '3', '8', '24', '27', '35']"
995,995,"['1', '4', '13', '29', '38', '39']"
996,996,"['6', '11', '15', '24', '32', '39']"
997,997,"['4', '7', '14', '16', '24', '44']"
998,998,"['13', '17', '18', '20', '42', '45']"
999,999,"['1', '3', '9', '14', '18', '28']"
1000,1000,"['2', '8', '19', '22', '32', '42']"
1001,1001,"['', '', '', '', '', '']"
1002,1002,"['', '', '', '', '', '']"
1003,1003,"['', '', '', '', '', '']"
1004,1004,"['', '', '', '', '', '']"
1005,1005,"['', '', '', '', '', '']"
1006,1006,"['', '', '', '', '', '']"
1007,1007,"['', '', '', '', '', '']"
1008,1008,"['', '', '', '', '', '']"
1009,1009,"['', '', '', '', '', '']"
1010,1010,"['', '', '', '', '', '']"
1011,1011,"['', '', '', '', '', '']"
1012,1012,"['', '', '', '', '', '']"
1013,1013,"['', '', '', '', '', '']"
1014,1014,"['', '', '', '', '', '']"
1015,1015,"['', '', '', '', '', '']"
1016,1016,"['', '', '', '', '', '']"
1017,1017,"['', '', '', '', '', '']"
1018,1018,"['', '', '', '', '', '']"
1019,1019,"['', '', '', '', '', '']"
1020,1020,"['', '', '', '', '', '']"
1021,1021,"['', '', '', '', '', '']"
1022,1022,"['', '', '', '', '', '']"
1023,1023,"['', '', '', '', '', '']"
1024,1024,"['', '', '', '', '', '']"
1025,1025,"['', '', '', '', '', '']"
1026,1026,"['', '', '', '', '', '']"
1027,1027,"['', '', '', '', '', '']"
1028,1028,"['', '', '', '', '', '']"
1029,1029,"['', '', '', '', '', '']"
1030,1030,"['', '', '', '', '', '']"
1031,1031,"['', '', '', '', '', '']"
1032,1032,"['', '', '', '', '', '']"
1033,1033,"['', '', '', '', '', '']"
1034,1034,"['', '', '', '', '', '']"
1035,1035,"['', '', '', '', '', '']"
1036,1036,"['', '', '', '', '', '']"
1037,1037,"['', '', '', '', '', '']"
1038,1038,"['', '', '', '', '', '']"
1039,1039,"['', '', '', '', '', '']"
1040,1040,"['', '', '', '', '', '']"
1041,1041,"['', '', '', '', '', '']"
1042,1042,"['', '', '', '', '', '']"
1043,1043,"['', '', '', '', '', '']"
1044,1044,"['', '', '', '', '', '']"
1045,1045,"['', '', '', '', '', '']"
1046,1046,"['', '', '', '', '', '']"
1047,1047,"['', '', '', '', '', '']"
1048,1048,"['', '', '', '', '', '']"
1049,1049,"['', '', '', '', '', '']"
1050,1050,"['', '', '', '', '', '']"
1051,1051,"['', '', '', '', '', '']"
1052,1052,"['', '', '', '', '', '']"
1053,1053,"['', '', '', '', '', '']"
1054,1054,"['', '', '', '', '', '']"
1055,1055,"['', '', '', '', '', '']"
1056,1056,"['', '', '', '', '', '']"
1057,1057,"['', '', '', '', '', '']"
1058,1058,"['', '', '', '', '', '']"
1059,1059,"['', '', '', '', '', '']"
1060,1060,"['', '', '', '', '', '']"
1061,1061,"['', '', '', '', '', '']"
1062,1062,"['', '', '', '', '', '']"
1063,1063,"['', '', '', '', '', '']"
1064,1064,"['', '', '', '', '', '']"
1065,1065,"['', '', '', '', '', '']"
1066,1066,"['', '', '', '', '', '']"
1067,1067,"['', '', '', '', '', '']"
1068,1068,"['', '', '', '', '', '']"
1069,1069,"['', '', '', '', '', '']"
1070,1070,"['', '', '', '', '', '']"
1071,1071,"['', '', '', '', '', '']"
1072,1072,"['', '', '', '', '', '']"
1073,1073,"['', '', '', '', '', '']"
1074,1074,"['', '', '', '', '', '']"
1075,1075,"['', '', '', '', '', '']"
1076,1076,"['', '', '', '', '', '']"
1077,1077,"['', '', '', '', '', '']"
1078,1078,"['', '', '', '', '', '']"
1079,1079,"['', '', '', '', '', '']"
1080,1080,"['', '', '', '', '', '']"
1081,1081,"['', '', '', '', '', '']"
1082,1082,"['', '', '', '', '', '']"
1083,1083,"['', '', '', '', '', '']"
1084,1084,"['', '', '', '', '', '']"
1085,1085,"['', '', '', '', '', '']"
1086,1086,"['', '', '', '', '', '']"
1087,1087,"['', '', '', '', '', '']"
1088,1088,"['', '', '', '', '', '']"
1089,1089,"['', '', '', '', '', '']"
1090,1090,"['', '', '', '', '', '']"
1091,1091,"['', '', '', '', '', '']"
1092,1092,"['', '', '', '', '', '']"
1093,1093,"['', '', '', '', '', '']"
1094,1094,"['', '', '', '', '', '']"
1095,1095,"['', '', '', '', '', '']"
1096,1096,"['', '', '', '', '', '']"
1097,1097,"['', '', '', '', '', '']"
1098,1098,"['', '', '', '', '', '']"
1099,1099,"['', '', '', '', '', '']"
1100,1100,"['', '', '', '', '', '']"
1101,1101,"['', '', '', '', '', '']"
1102,1102,"['', '', '', '', '', '']"
1103,1103,"['', '', '', '', '', '']"
1104,1104,"['', '', '', '', '', '']"
1105,1105,"['', '', '', '', '', '']"
1106,1106,"['', '', '', '', '', '']"
1107,1107,"['', '', '', '', '', '']"
1108,1108,"['', '', '', '', '', '']"
1109,1109,"['', '', '', '', '', '']"
1110,1110,"['', '', '', '', '', '']"
1111,1111,"['', '', '', '', '', '']"
1112,1112,"['', '', '', '', '', '']"
1113,1113,"['', '', '', '', '', '']"
1114,1114,"['', '', '', '', '', '']"
1115,1115,"['', '', '', '', '', '']"
1116,1116,"['', '', '', '', '', '']"
1117,1117,"['', '', '', '', '', '']"
1118,1118,"['', '', '', '', '', '']"
1119,1119,"['', '', '', '', '', '']"
1120,1120,"['', '', '', '', '', '']"
1121,1121,"['', '', '', '', '', '']"
1122,1122,"['', '', '', '', '', '']"
1123,1123,"['', '', '', '', '', '']"
1124,1124,"['', '', '', '', '', '']"
1125,1125,"['', '', '', '', '', '']"
1126,1126,"['', '', '', '', '', '']"
1127,1127,"['', '', '', '', '', '']"
1128,1128,"['', '', '', '', '', '']"
1129,1129,"['', '', '', '', '', '']"
1130,1130,"['', '', '', '', '', '']"
1131,1131,"['', '', '', '', '', '']"
1132,1132,"['', '', '', '', '', '']"
1133,1133,"['', '', '', '', '', '']"
1134,1134,"['', '', '', '', '', '']"
1135,1135,"['', '', '', '', '', '']"
1136,1136,"['', '', '', '', '', '']"
1137,1137,"['', '', '', '', '', '']"
1138,1138,"['', '', '', '', '', '']"
1139,1139,"['', '', '', '', '', '']"
1140,1140,"['', '', '', '', '', '']"
1141,1141,"['', '', '', '', '', '']"
1142,1142,"['', '', '', '', '', '']"
1143,1143,"['', '', '', '', '', '']"
1144,1144,"['', '', '', '', '', '']"
1145,1145,"['', '', '', '', '', '']"
1146,1146,"['', '', '', '', '', '']"
1147,1147,"['', '', '', '', '', '']"
1148,1148,"['', '', '', '', '', '']"
1149,1149,"['', '', '', '', '', '']"
1150,1150,"['', '', '', '', '', '']"
1151,1151,"['', '', '', '', '', '']"
1152,1152,"['', '', '', '', '', '']"
1153,1153,"['', '', '', '', '', '']"
1154,1154,"['', '', '', '', '', '']"
1155,1155,"['', '', '', '', '', '']"
1156,1156,"['', '', '', '', '', '']"
1157,1157,"['', '', '', '', '', '']"
1158,1158,"['', '', '', '', '', '']"
1159,1159,"['', '', '', '', '', '']"
1160,1160,"['', '', '', '', '', '']"
1161,1161,"['', '', '', '', '', '']"
1162,1162,"['', '', '', '', '', '']"
1163,1163,"['', '', '', '', '', '']"
1164,1164,"['', '', '', '', '', '']"
1165,1165,"['', '', '', '', '', '']"
1166,1166,"['', '', '', '', '', '']"
1167,1167,"['', '', '', '', '', '']"
1168,1168,"['', '', '', '', '', '']"
1169,1169,"['', '', '', '', '', '']"
1170,1170,"['', '', '', '', '', '']"
1171,1171,"['', '', '', '', '', '']"
1172,1172,"['', '', '', '', '', '']"
1173,1173,"['', '', '', '', '', '']"
1174,1174,"['', '', '', '', '', '']"
1175,1175,"['', '', '', '', '', '']"
1176,1176,"['', '', '', '', '', '']"
1177,1177,"['', '', '', '', '', '']"
1178,1178,"['', '', '', '', '', '']"
1179,1179,"['', '', '', '', '', '']"
1180,1180,"['', '', '', '', '', '']"
1181,1181,"['', '', '', '', '', '']"
1182,1182,"['', '', '', '', '', '']"
1183,1183,"['', '', '', '', '', '']"
1184,1184,"['', '', '', '', '', '']"
1185,1185,"['', '', '', '', '', '']"
1186,1186,"['', '', '', '', '', '']"
1187,1187,"['', '', '', '', '', '']"
1188,1188,"['', '', '', '', '', '']"
1189,1189,"['', '', '', '', '', '']"
1190,1190,"['', '', '', '', '', '']"
1191,1191,"['', '', '', '', '', '']"
1192,1192,"['', '', '', '', '', '']"
1193,1193,"['', '', '', '', '', '']"
1194,1194,"['', '', '', '', '', '']"
1195,1195,"['', '', '', '', '', '']"
1196,1196,"['', '', '', '', '', '']"
1197,1197,"['', '', '', '', '', '']"
1198,1198,"['', '', '', '', '', '']"
1199,1199,"['', '', '', '', '', '']"
1200,1200,"['', '', '', '', '', '']"
1201,1201,"['', '', '', '', '', '']"
1202,1202,"['', '', '', '', '', '']"
1203,1203,"['', '', '', '', '', '']"
1204,1204,"['', '', '', '', '', '']"
1205,1205,"['', '', '', '', '', '']"
1206,1206,"['', '', '', '', '', '']"
1207,1207,"['', '', '', '', '', '']"
1208,1208,"['', '', '', '', '', '']"
1209,1209,"['', '', '', '', '', '']"
1210,1210,"['', '', '', '', '', '']"
1211,1211,"['', '', '', '', '', '']"
1212,1212,"['', '', '', '', '', '']"
1213,1213,"['', '', '', '', '', '']"
1214,1214,"['', '', '', '', '', '']"
1215,1215,"['', '', '', '', '', '']"
1216,1216,"['', '', '', '', '', '']"
1217,1217,"['', '', '', '', '', '']"
1218,1218,"['', '', '', '', '', '']"
1219,1219,"['', '', '', '', '', '']"
1220,1220,"['', '', '', '', '', '']"
1221,1221,"['', '', '', '', '', '']"
1222,1222,"['', '', '', '', '', '']"
1223,1223,"['', '', '', '', '', '']"
1224,1224,"['', '', '', '', '', '']"
1225,1225,"['', '', '', '', '', '']"
1226,1226,"['', '', '', '', '', '']"
1227,1227,"['', '', '', '', '', '']"
1228,1228,"['', '', '', '', '', '']"
1229,1229,"['', '', '', '', '', '']"
1230,1230,"['', '', '', '', '', '']"
1231,1231,"['', '', '', '', '', '']"
1232,1232,"['', '', '', '', '', '']"
1233,1233,"['', '', '', '', '', '']"
1234,1234,"['', '', '', '', '', '']"
1235,1235,"['', '', '', '', '', '']"
1236,1236,"['', '', '', '', '', '']"
1237,1237,"['', '', '', '', '', '']"
1238,1238,"['', '', '', '', '', '']"
1239,1239,"['', '', '', '', '', '']"
1240,1240,"['', '', '', '', '', '']"
1241,1241,"['', '', '', '', '', '']"
1242,1242,"['', '', '', '', '', '']"
1243,1243,"['', '', '', '', '', '']"
1244,1244,"['', '', '', '', '', '']"
1245,1245,"['', '', '', '', '', '']"
1246,1246,"['', '', '', '', '', '']"
1247,1247,"['', '', '', '', '', '']"
1248,1248,"['', '', '', '', '', '']"
1249,1249,"['', '', '', '', '', '']"
1250,1250,"['', '', '', '', '', '']"
1251,1251,"['', '', '', '', '', '']"
1252,1252,"['', '', '', '', '', '']"
1253,1253,"['', '', '', '', '', '']"
1254,1254,"['', '', '', '', '', '']"
1255,1255,"['', '', '', '', '', '']"
1256,1256,"['', '', '', '', '', '']"
1257,1257,"['', '', '', '', '', '']"
1258,1258,"['', '', '', '', '', '']"
1259,1259,"['', '', '', '', '', '']"
1260,1260,"['', '', '', '', '', '']"
1261,1261,"['', '', '', '', '', '']"
1262,1262,"['', '', '', '', '', '']"
1263,1263,"['', '', '', '', '', '']"
1264,1264,"['', '', '', '', '', '']"
1265,1265,"['', '', '', '', '', '']"
1266,1266,"['', '', '', '', '', '']"
1267,1267,"['', '', '', '', '', '']"
1268,1268,"['', '', '', '', '', '']"
1269,1269,"['', '', '', '', '', '']"
1270,1270,"['', '', '', '', '', '']"
1271,1271,"['', '', '', '', '', '']"
1272,1272,"['', '', '', '', '', '']"
1273,1273,"['', '', '', '', '', '']"
1274,1274,"['', '', '', '', '', '']"
1275,1275,"['', '', '', '', '', '']"
1276,1276,"['', '', '', '', '', '']"
1277,1277,"['', '', '', '', '', '']"
1278,1278,"['', '', '', '', '', '']"
1279,1279,"['', '', '', '', '', '']"
1280,1280,"['', '', '', '', '', '']"
1281,1281,"['', '', '', '', '', '']"
1282,1282,"['', '', '', '', '', '']"
1283,1283,"['', '', '', '', '', '']"
1284,1284,"['', '', '', '', '', '']"
1285,1285,"['', '', '', '', '', '']"
1286,1286,"['', '', '', '', '', '']"
1287,1287,"['', '', '', '', '', '']"
1288,1288,"['', '', '', '', '', '']"
1289,1289,"['', '', '', '', '', '']"
1290,1290,"['', '', '', '', '', '']"
1291,1291,"['', '', '', '', '', '']"
1292,1292,"['', '', '', '', '', '']"
1293,1293,"['', '', '', '', '', '']"
1294,1294,"['', '', '', '', '', '']"
1295,1295,"['', '', '', '', '', '']"
1296,1296,"['', '', '', '', '', '']"
1297,1297,"['', '', '', '', '', '']"
1298,1298,"['', '', '', '', '', '']"
1299,1299,"['', '', '', '', '', '']"
1300,1300,"['', '', '', '', '', '']"
1301,1301,"['', '', '', '', '', '']"
1302,1302,"['', '', '', '', '', '']"
1303,1303,"['', '', '', '', '', '']"
1304,1304,"['', '', '', '', '', '']"
1305,1305,"['', '', '', '', '', '']"
1306,1306,"['', '', '', '', '', '']"
1307,1307,"['', '', '', '', '', '']"
1308,1308,"['', '', '', '', '', '']"
1309,1309,"['', '', '', '', '', '']"
1310,1310,"['', '', '', '', '', '']"
1311,1311,"['', '', '', '', '', '']"
1312,1312,"['', '', '', '', '', '']"
1313,1313,"['', '', '', '', '', '']"
1314,1314,"['', '', '', '', '', '']"
1315,1315,"['', '', '', '', '', '']"
1316,1316,"['', '', '', '', '', '']"
1317,1317,"['', '', '', '', '', '']"
1318,1318,"['', '', '', '', '', '']"
1319,1319,"['', '', '', '', '', '']"
1320,1320,"['', '', '', '', '', '']"
1321,1321,"['', '', '', '', '', '']"
1322,1322,"['', '', '', '', '', '']"
1323,1323,"['', '', '', '', '', '']"
1324,1324,"['', '', '', '', '', '']"
1325,1325,"['', '', '', '', '', '']"
1326,1326,"['', '', '', '', '', '']"
1327,1327,"['', '', '', '', '', '']"
1328,1328,"['', '', '', '', '', '']"
1329,1329,"['', '', '', '', '', '']"
1330,1330,"['', '', '', '', '', '']"
1331,1331,"['', '', '', '', '', '']"
1332,1332,"['', '', '', '', '', '']"
1333,1333,"['', '', '', '', '', '']"
1334,1334,"['', '', '', '', '', '']"
1335,1335,"['', '', '', '', '', '']"
1336,1336,"['', '', '', '', '', '']"
1337,1337,"['', '', '', '', '', '']"
1338,1338,"['', '', '', '', '', '']"
1339,1339,"['', '', '', '', '', '']"
1340,1340,"['', '', '', '', '', '']"
1341,1341,"['', '', '', '', '', '']"
1342,1342,"['', '', '', '', '', '']"
1343,1343,"['', '', '', '', '', '']"
1344,1344,"['', '', '', '', '', '']"
1345,1345,"['', '', '', '', '', '']"
1346,1346,"['', '', '', '', '', '']"
1347,1347,"['', '', '', '', '', '']"
1348,1348,"['', '', '', '', '', '']"
1349,1349,"['', '', '', '', '', '']"
1350,1350,"['', '', '', '', '', '']"
1351,1351,"['', '', '', '', '', '']"
1352,1352,"['', '', '', '', '', '']"
1353,1353,"['', '', '', '', '', '']"
1354,1354,"['', '', '', '', '', '']"
1355,1355,"['', '', '', '', '', '']"
1356,1356,"['', '', '', '', '', '']"
1357,1357,"['', '', '', '', '', '']"
1358,1358,"['', '', '', '', '', '']"
1359,1359,"['', '', '', '', '', '']"
1360,1360,"['', '', '', '', '', '']"
1361,1361,"['', '', '', '', '', '']"
1362,1362,"['', '', '', '', '', '']"
1363,1363,"['', '', '', '', '', '']"
1364,1364,"['', '', '', '', '', '']"
1365,1365,"['', '', '', '', '', '']"
1366,1366,"['', '', '', '', '', '']"
1367,1367,"['', '', '', '', '', '']"
1368,1368,"['', '', '', '', '', '']"
1369,1369,"['', '', '', '', '', '']"
1370,1370,"['', '', '', '', '', '']"
1371,1371,"['', '', '', '', '', '']"
1372,1372,"['', '', '', '', '', '']"
1373,1373,"['', '', '', '', '', '']"
1374,1374,"['', '', '', '', '', '']"
1375,1375,"['', '', '', '', '', '']"
1376,1376,"['', '', '', '', '', '']"
1377,1377,"['', '', '', '', '', '']"
1378,1378,"['', '', '', '', '', '']"
1379,1379,"['', '', '', '', '', '']"
1380,1380,"['', '', '', '', '', '']"
1381,1381,"['', '', '', '', '', '']"
1382,1382,"['', '', '', '', '', '']"
1383,1383,"['', '', '', '', '', '']"
1384,1384,"['', '', '', '', '', '']"
1385,1385,"['', '', '', '', '', '']"
1386,1386,"['', '', '', '', '', '']"
1387,1387,"['', '', '', '', '', '']"
1388,1388,"['', '', '', '', '', '']"
1389,1389,"['', '', '', '', '', '']"
1390,1390,"['', '', '', '', '', '']"
1391,1391,"['', '', '', '', '', '']"
1392,1392,"['', '', '', '', '', '']"
1393,1393,"['', '', '', '', '', '']"
1394,1394,"['', '', '', '', '', '']"
1395,1395,"['', '', '', '', '', '']"
1396,1396,"['', '', '', '', '', '']"
1397,1397,"['', '', '', '', '', '']"
1398,1398,"['', '', '', '', '', '']"
1399,1399,"['', '', '', '', '', '']"
1400,1400,"['', '', '', '', '', '']"
1401,1401,"['', '', '', '', '', '']"
1402,1402,"['', '', '', '', '', '']"
1403,1403,"['', '', '', '', '', '']"
1404,1404,"['', '', '', '', '', '']"
1405,1405,"['', '', '', '', '', '']"
1406,1406,"['', '', '', '', '', '']"
1407,1407,"['', '', '', '', '', '']"
1408,1408,"['', '', '', '', '', '']"
1409,1409,"['', '', '', '', '', '']"
1410,1410,"['', '', '', '', '', '']"
1411,1411,"['', '', '', '', '', '']"
1412,1412,"['', '', '', '', '', '']"
1413,1413,"['', '', '', '', '', '']"
1414,1414,"['', '', '', '', '', '']"
1415,1415,"['', '', '', '', '', '']"
1416,1416,"['', '', '', '', '', '']"
1417,1417,"['', '', '', '', '', '']"
1418,1418,"['', '', '', '', '', '']"
1419,1419,"['', '', '', '', '', '']"
1420,1420,"['', '', '', '', '', '']"
1421,1421,"['', '', '', '', '', '']"
1422,1422,"['', '', '', '', '', '']"
1423,1423,"['', '', '', '', '', '']"
1424,1424,"['', '', '', '', '', '']"
1425,1425,"['', '', '', '', '', '']"
1426,1426,"['', '', '', '', '', '']"
1427,1427,"['', '', '', '', '', '']"
1428,1428,"['', '', '', '', '', '']"
1429,1429,"['', '', '', '', '', '']"
1430,1430,"['', '', '', '', '', '']"
1431,1431,"['', '', '', '', '', '']"
1432,1432,"['', '', '', '', '', '']"
1433,1433,"['', '', '', '', '', '']"
1434,1434,"['', '', '', '', '', '']"
1435,1435,"['', '', '', '', '', '']"
1436,1436,"['', '', '', '', '', '']"
1437,1437,"['', '', '', '', '', '']"
1438,1438,"['', '', '', '', '', '']"
1439,1439,"['', '', '', '', '', '']"
1440,1440,"['', '', '', '', '', '']"
1441,1441,"['', '', '', '', '', '']"
1442,1442,"['', '', '', '', '', '']"
1443,1443,"['', '', '', '', '', '']"
1444,1444,"['', '', '', '', '', '']"
1445,1445,"['', '', '', '', '', '']"
1446,1446,"['', '', '', '', '', '']"
1447,1447,"['', '', '', '', '', '']"
1448,1448,"['', '', '', '', '', '']"
1449,1449,"['', '', '', '', '', '']"
1450,1450,"['', '', '', '', '', '']"
1451,1451,"['', '', '', '', '', '']"
1452,1452,"['', '', '', '', '', '']"
1453,1453,"['', '', '', '', '', '']"
1454,1454,"['', '', '', '', '', '']"
1455,1455,"['', '', '', '', '', '']"
1456,1456,"['', '', '', '', '', '']"
1457,1457,"['', '', '', '', '', '']"
1458,1458,"['', '', '', '', '', '']"
1459,1459,"['', '', '', '', '', '']"
1460,1460,"['', '', '', '', '', '']"
1461,1461,"['', '', '', '', '', '']"
1462,1462,"['', '', '', '', '', '']"
1463,1463,"['', '', '', '', '', '']"
1464,1464,"['', '', '', '', '', '']"
1465,1465,"['', '', '', '', '', '']"
1466,1466,"['', '', '', '', '', '']"
1467,1467,"['', '', '', '', '', '']"
1468,1468,"['', '', '', '', '', '']"
1469,1469,"['', '', '', '', '', '']"
1470,1470,"['', '', '', '', '', '']"
1471,1471,"['', '', '', '', '', '']"
1472,1472,"['', '', '', '', '', '']"
1473,1473,"['', '', '', '', '', '']"
1474,1474,"['', '', '', '', '', '']"
1475,1475,"['', '', '', '', '', '']"
1476,1476,"['', '', '', '', '', '']"
1477,1477,"['', '', '', '', '', '']"
1478,1478,"['', '', '', '', '', '']"
1479,1479,"['', '', '', '', '', '']"
1480,1480,"['', '', '', '', '', '']"
1481,1481,"['', '', '', '', '', '']"
1482,1482,"['', '', '', '', '', '']"
1483,1483,"['', '', '', '', '', '']"
1484,1484,"['', '', '', '', '', '']"
1485,1485,"['', '', '', '', '', '']"
1486,1486,"['', '', '', '', '', '']"
1487,1487,"['', '', '', '', '', '']"
1488,1488,"['', '', '', '', '', '']"
1489,1489,"['', '', '', '', '', '']"
1490,1490,"['', '', '', '', '', '']"
1491,1491,"['', '', '', '', '', '']"
1492,1492,"['', '', '', '', '', '']"
1493,1493,"['', '', '', '', '', '']"
1494,1494,"['', '', '', '', '', '']"
1495,1495,"['', '', '', '', '', '']"
1496,1496,"['', '', '', '', '', '']"
1497,1497,"['', '', '', '', '', '']"
1498,1498,"['', '', '', '', '', '']"
1499,1499,"['', '', '', '', '', '']"
1500,1500,"['', '', '', '', '', '']"
1501,1501,"['', '', '', '', '', '']"
1502,1502,"['', '', '', '', '', '']"
1503,1503,"['', '', '', '', '', '']"
1504,1504,"['', '', '', '', '', '']"
1505,1505,"['', '', '', '', '', '']"
1506,1506,"['', '', '', '', '', '']"
1507,1507,"['', '', '', '', '', '']"
1508,1508,"['', '', '', '', '', '']"
1509,1509,"['', '', '', '', '', '']"
1510,1510,"['', '', '', '', '', '']"
1511,1511,"['', '', '', '', '', '']"
1512,1512,"['', '', '', '', '', '']"
1513,1513,"['', '', '', '', '', '']"
1514,1514,"['', '', '', '', '', '']"
1515,1515,"['', '', '', '', '', '']"
1516,1516,"['', '', '', '', '', '']"
1517,1517,"['', '', '', '', '', '']"
1518,1518,"['', '', '', '', '', '']"
1519,1519,"['', '', '', '', '', '']"
1520,1520,"['', '', '', '', '', '']"
1521,1521,"['', '', '', '', '', '']"
1522,1522,"['', '', '', '', '', '']"
1523,1523,"['', '', '', '', '', '']"
1524,1524,"['', '', '', '', '', '']"
1525,1525,"['', '', '', '', '', '']"
1526,1526,"['', '', '', '', '', '']"
1527,1527,"['', '', '', '', '', '']"
1528,1528,"['', '', '', '', '', '']"
1529,1529,"['', '', '', '', '', '']"
1530,1530,"['', '', '', '', '', '']"
1531,1531,"['', '', '', '', '', '']"
1532,1532,"['', '', '', '', '', '']"
1533,1533,"['', '', '', '', '', '']"
1534,1534,"['', '', '', '', '', '']"
1535,1535,"['', '', '', '', '', '']"
1536,1536,"['', '', '', '', '', '']"
1537,1537,"['', '', '', '', '', '']"
1538,1538,"['', '', '', '', '', '']"
1539,1539,"['', '', '', '', '', '']"
1540,1540,"['', '', '', '', '', '']"
1541,1541,"['', '', '', '', '', '']"
1542,1542,"['', '', '', '', '', '']"
1543,1543,"['', '', '', '', '', '']"
1544,1544,"['', '', '', '', '', '']"
1545,1545,"['', '', '', '', '', '']"
1546,1546,"['', '', '', '', '', '']"
1547,1547,"['', '', '', '', '', '']"
1548,1548,"['', '', '', '', '', '']"
1549,1549,"['', '', '', '', '', '']"
1550,1550,"['', '', '', '', '', '']"
1551,1551,"['', '', '', '', '', '']"
1552,1552,"['', '', '', '', '', '']"
1553,1553,"['', '', '', '', '', '']"
1554,1554,"['', '', '', '', '', '']"
1555,1555,"['', '', '', '', '', '']"
1556,1556,"['', '', '', '', '', '']"
1557,1557,"['', '', '', '', '', '']"
1558,1558,"['', '', '', '', '', '']"
1559,1559,"['', '', '', '', '', '']"
1560,1560,"['', '', '', '', '', '']"
1561,1561,"['', '', '', '', '', '']"
1562,1562,"['', '', '', '', '', '']"
1563,1563,"['', '', '', '', '', '']"
1564,1564,"['', '', '', '', '', '']"
1565,1565,"['', '', '', '', '', '']"
1566,1566,"['', '', '', '', '', '']"
1567,1567,"['', '', '', '', '', '']"
1568,1568,"['', '', '', '', '', '']"
1569,1569,"['', '', '', '', '', '']"
1570,1570,"['', '', '', '', '', '']"
1571,1571,"['', '', '', '', '', '']"
1572,1572,"['', '', '', '', '', '']"
1573,1573,"['', '', '', '', '', '']"
1574,1574,"['', '', '', '', '', '']"
1575,1575,"['', '', '', '', '', '']"
1576,1576,"['', '', '', '', '', '']"
1577,1577,"['', '', '', '', '', '']"
1578,1578,"['', '', '', '', '', '']"
1579,1579,"['', '', '', '', '', '']"
1580,1580,"['', '', '', '', '', '']"
1581,1581,"['', '', '', '', '', '']"
1582,1582,"['', '', '', '', '', '']"
1583,1583,"['', '', '', '', '', '']"
1584,1584,"['', '', '', '', '', '']"
1585,1585,"['', '', '', '', '', '']"
1586,1586,"['', '', '', '', '', '']"
1587,1587,"['', '', '', '', '', '']"
1588,1588,"['', '', '', '', '', '']"
1589,1589,"['', '', '', '', '', '']"
1590,1590,"['', '', '', '', '', '']"
1591,1591,"['', '', '', '', '', '']"
1592,1592,"['', '', '', '', '', '']"
1593,1593,"['', '', '', '', '', '']"
1594,1594,"['', '', '', '', '', '']"
1595,1595,"['', '', '', '', '', '']"
1596,1596,"['', '', '', '', '', '']"
1597,1597,"['', '', '', '', '', '']"
1598,1598,"['', '', '', '', '', '']"
1599,1599,"['', '', '', '', '', '']"
1600,1600,"['', '', '', '', '', '']"
1601,1601,"['', '', '', '', '', '']"
1602,1602,"['', '', '', '', '', '']"
1603,1603,"['', '', '', '', '', '']"
1604,1604,"['', '', '', '', '', '']"
1605,1605,"['', '', '', '', '', '']"
1606,1606,"['', '', '', '', '', '']"
1607,1607,"['', '', '', '', '', '']"
1608,1608,"['', '', '', '', '', '']"
1609,1609,"['', '', '', '', '', '']"
1610,1610,"['', '', '', '', '', '']"
1611,1611,"['', '', '', '', '', '']"
1612,1612,"['', '', '', '', '', '']"
1613,1613,"['', '', '', '', '', '']"
1614,1614,"['', '', '', '', '', '']"
1615,1615,"['', '', '', '', '', '']"
1616,1616,"['', '', '', '', '', '']"
1617,1617,"['', '', '', '', '', '']"
1618,1618,"['', '', '', '', '', '']"
1619,1619,"['', '', '', '', '', '']"
1620,1620,"['', '', '', '', '', '']"
1621,1621,"['', '', '', '', '', '']"
1622,1622,"['', '', '', '', '', '']"
1623,1623,"['', '', '', '', '', '']"
1624,1624,"['', '', '', '', '', '']"
1625,1625,"['', '', '', '', '', '']"
1626,1626,"['', '', '', '', '', '']"
1627,1627,"['', '', '', '', '', '']"
1628,1628,"['', '', '', '', '', '']"
1629,1629,"['', '', '', '', '', '']"
1630,1630,"['', '', '', '', '', '']"
1631,1631,"['', '', '', '', '', '']"
1632,1632,"['', '', '', '', '', '']"
1633,1633,"['', '', '', '', '', '']"
1634,1634,"['', '', '', '', '', '']"
1635,1635,"['', '', '', '', '', '']"
1636,1636,"['', '', '', '', '', '']"
1637,1637,"['', '', '', '', '', '']"
1638,1638,"['', '', '', '', '', '']"
1639,1639,"['', '', '', '', '', '']"
1640,1640,"['', '', '', '', '', '']"
1641,1641,"['', '', '', '', '', '']"
1642,1642,"['', '', '', '', '', '']"
1643,1643,"['', '', '', '', '', '']"
1644,1644,"['', '', '', '', '', '']"
1645,1645,"['', '', '', '', '', '']"
1646,1646,"['', '', '', '', '', '']"
1647,1647,"['', '', '', '', '', '']"
1648,1648,"['', '', '', '', '', '']"
1649,1649,"['', '', '', '', '', '']"
1650,1650,"['', '', '', '', '', '']"
1651,1651,"['', '', '', '', '', '']"
1652,1652,"['', '', '', '', '', '']"
1653,1653,"['', '', '', '', '', '']"
1654,1654,"['', '', '', '', '', '']"
1655,1655,"['', '', '', '', '', '']"
1656,1656,"['', '', '', '', '', '']"
1657,1657,"['', '', '', '', '', '']"
1658,1658,"['', '', '', '', '', '']"
1659,1659,"['', '', '', '', '', '']"
1660,1660,"['', '', '', '', '', '']"
1661,1661,"['', '', '', '', '', '']"
1662,1662,"['', '', '', '', '', '']"
1663,1663,"['', '', '', '', '', '']"
1664,1664,"['', '', '', '', '', '']"
1665,1665,"['', '', '', '', '', '']"
1666,1666,"['', '', '', '', '', '']"
1667,1667,"['', '', '', '', '', '']"
1668,1668,"['', '', '', '', '', '']"
1669,1669,"['', '', '', '', '', '']"
1670,1670,"['', '', '', '', '', '']"
1671,1671,"['', '', '', '', '', '']"
1672,1672,"['', '', '', '', '', '']"
1673,1673,"['', '', '', '', '', '']"
1674,1674,"['', '', '', '', '', '']"
1675,1675,"['', '', '', '', '', '']"
1676,1676,"['', '', '', '', '', '']"
1677,1677,"['', '', '', '', '', '']"
1678,1678,"['', '', '', '', '', '']"
1679,1679,"['', '', '', '', '', '']"
1680,1680,"['', '', '', '', '', '']"
1681,1681,"['', '', '', '', '', '']"
1682,1682,"['', '', '', '', '', '']"
1683,1683,"['', '', '', '', '', '']"
1684,1684,"['', '', '', '', '', '']"
1685,1685,"['', '', '', '', '', '']"
1686,1686,"['', '', '', '', '', '']"
1687,1687,"['', '', '', '', '', '']"
1688,1688,"['', '', '', '', '', '']"
1689,1689,"['', '', '', '', '', '']"
1690,1690,"['', '', '', '', '', '']"
1691,1691,"['', '', '', '', '', '']"
1692,1692,"['', '', '', '', '', '']"
1693,1693,"['', '', '', '', '', '']"
1694,1694,"['', '', '', '', '', '']"
1695,1695,"['', '', '', '', '', '']"
1696,1696,"['', '', '', '', '', '']"
1697,1697,"['', '', '', '', '', '']"
1698,1698,"['', '', '', '', '', '']"
1699,1699,"['', '', '', '', '', '']"
1700,1700,"['', '', '', '', '', '']"
1701,1701,"['', '', '', '', '', '']"
1702,1702,"['', '', '', '', '', '']"
1703,1703,"['', '', '', '', '', '']"
1704,1704,"['', '', '', '', '', '']"
1705,1705,"['', '', '', '', '', '']"
1706,1706,"['', '', '', '', '', '']"
1707,1707,"['', '', '', '', '', '']"
1708,1708,"['', '', '', '', '', '']"
1709,1709,"['', '', '', '', '', '']"
1710,1710,"['', '', '', '', '', '']"
1711,1711,"['', '', '', '', '', '']"
1712,1712,"['', '', '', '', '', '']"
1713,1713,"['', '', '', '', '', '']"
1714,1714,"['', '', '', '', '', '']"
1715,1715,"['', '', '', '', '', '']"
1716,1716,"['', '', '', '', '', '']"
1717,1717,"['', '', '', '', '', '']"
1718,1718,"['', '', '', '', '', '']"
1719,1719,"['', '', '', '', '', '']"
1720,1720,"['', '', '', '', '', '']"
1721,1721,"['', '', '', '', '', '']"
1722,1722,"['', '', '', '', '', '']"
1723,1723,"['', '', '', '', '', '']"
1724,1724,"['', '', '', '', '', '']"
1725,1725,"['', '', '', '', '', '']"
1726,1726,"['', '', '', '', '', '']"
1727,1727,"['', '', '', '', '', '']"
1728,1728,"['', '', '', '', '', '']"
1729,1729,"['', '', '', '', '', '']"
1730,1730,"['', '', '', '', '', '']"
1731,1731,"['', '', '', '', '', '']"
1732,1732,"['', '', '', '', '', '']"
1733,1733,"['', '', '', '', '', '']"
1734,1734,"['', '', '', '', '', '']"
1735,1735,"['', '', '', '', '', '']"
1736,1736,"['', '', '', '', '', '']"
1737,1737,"['', '', '', '', '', '']"
1738,1738,"['', '', '', '', '', '']"
1739,1739,"['', '', '', '', '', '']"
1740,1740,"['', '', '', '', '', '']"
1741,1741,"['', '', '', '', '', '']"
1742,1742,"['', '', '', '', '', '']"
1743,1743,"['', '', '', '', '', '']"
1744,1744,"['', '', '', '', '', '']"
1745,1745,"['', '', '', '', '', '']"
1746,1746,"['', '', '', '', '', '']"
1747,1747,"['', '', '', '', '', '']"
1748,1748,"['', '', '', '', '', '']"
1749,1749,"['', '', '', '', '', '']"
1750,1750,"['', '', '', '', '', '']"
1751,1751,"['', '', '', '', '', '']"
1752,1752,"['', '', '', '', '', '']"
1753,1753,"['', '', '', '', '', '']"
1754,1754,"['', '', '', '', '', '']"
1755,1755,"['', '', '', '', '', '']"
1756,1756,"['', '', '', '', '', '']"
1757,1757,"['', '', '', '', '', '']"
1758,1758,"['', '', '', '', '', '']"
1759,1759,"['', '', '', '', '', '']"
1760,1760,"['', '', '', '', '', '']"
1761,1761,"['', '', '', '', '', '']"
1762,1762,"['', '', '', '', '', '']"
1763,1763,"['', '', '', '', '', '']"
1764,1764,"['', '', '', '', '', '']"
1765,1765,"['', '', '', '', '', '']"
1766,1766,"['', '', '', '', '', '']"
1767,1767,"['', '', '', '', '', '']"
1768,1768,"['', '', '', '', '', '']"
1769,1769,"['', '', '', '', '', '']"
1770,1770,"['', '', '', '', '', '']"
1771,1771,"['', '', '', '', '', '']"
1772,1772,"['', '', '', '', '', '']"
1773,1773,"['', '', '', '', '', '']"
1774,1774,"['', '', '', '', '', '']"
1775,1775,"['', '', '', '', '', '']"
1776,1776,"['', '', '', '', '', '']"
1777,1777,"['', '', '', '', '', '']"
1778,1778,"['', '', '', '', '', '']"
1779,1779,"['', '', '', '', '', '']"
1780,1780,"['', '', '', '', '', '']"
1781,1781,"['', '', '', '', '', '']"
1782,1782,"['', '', '', '', '', '']"
1783,1783,"['', '', '', '', '', '']"
1784,1784,"['', '', '', '', '', '']"
1785,1785,"['', '', '', '', '', '']"
1786,1786,"['', '', '', '', '', '']"
1787,1787,"['', '', '', '', '', '']"
1788,1788,"['', '', '', '', '', '']"
1789,1789,"['', '', '', '', '', '']"
1790,1790,"['', '', '', '', '', '']"
1791,1791,"['', '', '', '', '', '']"
1792,1792,"['', '', '', '', '', '']"
1793,1793,"['', '', '', '', '', '']"
1794,1794,"['', '', '', '', '', '']"
1795,1795,"['', '', '', '', '', '']"
1796,1796,"['', '', '', '', '', '']"
1797,1797,"['', '', '', '', '', '']"
1798,1798,"['', '', '', '', '', '']"
1799,1799,"['', '', '', '', '', '']"
1800,1800,"['', '', '', '', '', '']"
1801,1801,"['', '', '', '', '', '']"
1802,1802,"['', '', '', '', '', '']"
1803,1803,"['', '', '', '', '', '']"
1804,1804,"['', '', '', '', '', '']"
1805,1805,"['', '', '', '', '', '']"
1806,1806,"['', '', '', '', '', '']"
1807,1807,"['', '', '', '', '', '']"
1808,1808,"['', '', '', '', '', '']"
1809,1809,"['', '', '', '', '', '']"
1810,1810,"['', '', '', '', '', '']"
1811,1811,"['', '', '', '', '', '']"
1812,1812,"['', '', '', '', '', '']"
1813,1813,"['', '', '', '', '', '']"
1814,1814,"['', '', '', '', '', '']"
1815,1815,"['', '', '', '', '', '']"
1816,1816,"['', '', '', '', '', '']"
1817,1817,"['', '', '', '', '', '']"
1818,1818,"['', '', '', '', '', '']"
1819,1819,"['', '', '', '', '', '']"
1820,1820,"['', '', '', '', '', '']"
1821,1821,"['', '', '', '', '', '']"
1822,1822,"['', '', '', '', '', '']"
1823,1823,"['', '', '', '', '', '']"
1824,1824,"['', '', '', '', '', '']"
1825,1825,"['', '', '', '', '', '']"
1826,1826,"['', '', '', '', '', '']"
1827,1827,"['', '', '', '', '', '']"
1828,1828,"['', '', '', '', '', '']"
1829,1829,"['', '', '', '', '', '']"
1830,1830,"['', '', '', '', '', '']"
1831,1831,"['', '', '', '', '', '']"
1832,1832,"['', '', '', '', '', '']"
1833,1833,"['', '', '', '', '', '']"
1834,1834,"['', '', '', '', '', '']"
1835,1835,"['', '', '', '', '', '']"
1836,1836,"['', '', '', '', '', '']"
1837,1837,"['', '', '', '', '', '']"
1838,1838,"['', '', '', '', '', '']"
1839,1839,"['', '', '', '', '', '']"
1840,1840,"['', '', '', '', '', '']"
1841,1841,"['', '', '', '', '', '']"
1842,1842,"['', '', '', '', '', '']"
1843,1843,"['', '', '', '', '', '']"
1844,1844,"['', '', '', '', '', '']"
1845,1845,"['', '', '', '', '', '']"
1846,1846,"['', '', '', '', '', '']"
1847,1847,"['', '', '', '', '', '']"
1848,1848,"['', '', '', '', '', '']"
1849,1849,"['', '', '', '', '', '']"
1850,1850,"['', '', '', '', '', '']"
1851,1851,"['', '', '', '', '', '']"
1852,1852,"['', '', '', '', '', '']"
1853,1853,"['', '', '', '', '', '']"
1854,1854,"['', '', '', '', '', '']"
1855,1855,"['', '', '', '', '', '']"
1856,1856,"['', '', '', '', '', '']"
1857,1857,"['', '', '', '', '', '']"
1858,1858,"['', '', '', '', '', '']"
1859,1859,"['', '', '', '', '', '']"
1860,1860,"['', '', '', '', '', '']"
1861,1861,"['', '', '', '', '', '']"
1862,1862,"['', '', '', '', '', '']"
1863,1863,"['', '', '', '', '', '']"
1864,1864,"['', '', '', '', '', '']"
1865,1865,"['', '', '', '', '', '']"
1866,1866,"['', '', '', '', '', '']"
1867,1867,"['', '', '', '', '', '']"
1868,1868,"['', '', '', '', '', '']"
1869,1869,"['', '', '', '', '', '']"
1870,1870,"['', '', '', '', '', '']"
1871,1871,"['', '', '', '', '', '']"
1872,1872,"['', '', '', '', '', '']"
1873,1873,"['', '', '', '', '', '']"
1874,1874,"['', '', '', '', '', '']"
1875,1875,"['', '', '', '', '', '']"
1876,1876,"['', '', '', '', '', '']"
1877,1877,"['', '', '', '', '', '']"
1878,1878,"['', '', '', '', '', '']"
1879,1879,"['', '', '', '', '', '']"
1880,1880,"['', '', '', '', '', '']"
1881,1881,"['', '', '', '', '', '']"
1882,1882,"['', '', '', '', '', '']"
1883,1883,"['', '', '', '', '', '']"
1884,1884,"['', '', '', '', '', '']"
1885,1885,"['', '', '', '', '', '']"
1886,1886,"['', '', '', '', '', '']"
1887,1887,"['', '', '', '', '', '']"
1888,1888,"['', '', '', '', '', '']"
1889,1889,"['', '', '', '', '', '']"
1890,1890,"['', '', '', '', '', '']"
1891,1891,"['', '', '', '', '', '']"
1892,1892,"['', '', '', '', '', '']"
1893,1893,"['', '', '', '', '', '']"
1894,1894,"['', '', '', '', '', '']"
1895,1895,"['', '', '', '', '', '']"
1896,1896,"['', '', '', '', '', '']"
1897,1897,"['', '', '', '', '', '']"
1898,1898,"['', '', '', '', '', '']"
1899,1899,"['', '', '', '', '', '']"
1900,1900,"['', '', '', '', '', '']"
1901,1901,"['', '', '', '', '', '']"
1902,1902,"['', '', '', '', '', '']"
1903,1903,"['', '', '', '', '', '']"
1904,1904,"['', '', '', '', '', '']"
1905,1905,"['', '', '', '', '', '']"
1906,1906,"['', '', '', '', '', '']"
1907,1907,"['', '', '', '', '', '']"
1908,1908,"['', '', '', '', '', '']"
1909,1909,"['', '', '', '', '', '']"
1910,1910,"['', '', '', '', '', '']"
1911,1911,"['', '', '', '', '', '']"
1912,1912,"['', '', '', '', '', '']"
1913,1913,"['', '', '', '', '', '']"
1914,1914,"['', '', '', '', '', '']"
1915,1915,"['', '', '', '', '', '']"
1916,1916,"['', '', '', '', '', '']"
1917,1917,"['', '', '', '', '', '']"
1918,1918,"['', '', '', '', '', '']"
1919,1919,"['', '', '', '', '', '']"
1920,1920,"['', '', '', '', '', '']"
1921,1921,"['', '', '', '', '', '']"
1922,1922,"['', '', '', '', '', '']"
1923,1923,"['', '', '', '', '', '']"
1924,1924,"['', '', '', '', '', '']"
1925,1925,"['', '', '', '', '', '']"
1926,1926,"['', '', '', '', '', '']"
1927,1927,"['', '', '', '', '', '']"
1928,1928,"['', '', '', '', '', '']"
1929,1929,"['', '', '', '', '', '']"
1930,1930,"['', '', '', '', '', '']"
1931,1931,"['', '', '', '', '', '']"
1932,1932,"['', '', '', '', '', '']"
1933,1933,"['', '', '', '', '', '']"
1934,1934,"['', '', '', '', '', '']"
1935,1935,"['', '', '', '', '', '']"
1936,1936,"['', '', '', '', '', '']"
1937,1937,"['', '', '', '', '', '']"
1938,1938,"['', '', '', '', '', '']"
1939,1939,"['', '', '', '', '', '']"
1940,1940,"['', '', '', '', '', '']"
1941,1941,"['', '', '', '', '', '']"
1942,1942,"['', '', '', '', '', '']"
1943,1943,"['', '', '', '', '', '']"
1944,1944,"['', '', '', '', '', '']"
1945,1945,"['', '', '', '', '', '']"
1946,1946,"['', '', '', '', '', '']"
1947,1947,"['', '', '', '', '', '']"
1948,1948,"['', '', '', '', '', '']"
1949,1949,"['', '', '', '', '', '']"
1950,1950,"['', '', '', '', '', '']"
1951,1951,"['', '', '', '', '', '']"
1952,1952,"['', '', '', '', '', '']"
1953,1953,"['', '', '', '', '', '']"
1954,1954,"['', '', '', '', '', '']"
1955,1955,"['', '', '', '', '', '']"
1956,1956,"['', '', '', '', '', '']"
1957,1957,"['', '', '', '', '', '']"
1958,1958,"['', '', '', '', '', '']"
1959,1959,"['', '', '', '', '', '']"
1960,1960,"['', '', '', '', '', '']"
1961,1961,"['', '', '', '', '', '']"
1962,1962,"['', '', '', '', '', '']"
1963,1963,"['', '', '', '', '', '']"
1964,1964,"['', '', '', '', '', '']"
1965,1965,"['', '', '', '', '', '']"
1966,1966,"['', '', '', '', '', '']"
1967,1967,"['', '', '', '', '', '']"
1968,1968,"['', '', '', '', '', '']"
1969,1969,"['', '', '', '', '', '']"
1970,1970,"['', '', '', '', '', '']"
1971,1971,"['', '', '', '', '', '']"
1972,1972,"['', '', '', '', '', '']"
1973,1973,"['', '', '', '', '', '']"
1974,1974,"['', '', '', '', '', '']"
1975,1975,"['', '', '', '', '', '']"
1976,1976,"['', '', '', '', '', '']"
1977,1977,"['', '', '', '', '', '']"
1978,1978,"['', '', '', '', '', '']"
1979,1979,"['', '', '', '', '', '']"
1980,1980,"['', '', '', '', '', '']"
1981,1981,"['', '', '', '', '', '']"
1982,1982,"['', '', '', '', '', '']"
1983,1983,"['', '', '', '', '', '']"
1984,1984,"['', '', '', '', '', '']"
1985,1985,"['', '', '', '', '', '']"
1986,1986,"['', '', '', '', '', '']"
1987,1987,"['', '', '', '', '', '']"
1988,1988,"['', '', '', '', '', '']"
1989,1989,"['', '', '', '', '', '']"
1990,1990,"['', '', '', '', '', '']"
1991,1991,"['', '', '', '', '', '']"
1992,1992,"['', '', '', '', '', '']"
1993,1993,"['', '', '', '', '', '']"
1994,1994,"['', '', '', '', '', '']"
1995,1995,"['', '', '', '', '', '']"
1996,1996,"['', '', '', '', '', '']"
1997,1997,"['', '', '', '', '', '']"
1998,1998,"['', '', '', '', '', '']"
1999,1999,"['', '', '', '', '', '']"
